show_id,country_id
s8,0
s8,1
s8,2
s8,3
s8,4
s8,5
s9,3
s10,0
s13,4
s13,6
s25,7
s28,0
s29,0
s30,0
s30,7
s30,8
s39,9
s39,10
s39,0
s42,0
s43,0
s44,0
s45,0
s47,11
s47,0
s47,12
s49,0
s52,12
s53,12
s54,12
s55,12
s57,12
s58,12
s59,12
s60,12
s61,12
s62,12
s63,12
s64,12
s74,13
s82,0
s85,13
s91,14
s91,0
s95,3
s95,0
s97,0
s106,7
s108,0
s115,7
s116,3
s116,15
s116,8
s117,7
s119,7
s123,3
s123,15
s123,8
s123,0
s127,7
s128,0
s128,10
s130,4
s130,0
s132,0
s134,11
s134,0
s135,0
s135,16
s136,0
s136,17
s136,8
s136,12
s137,0
s137,17
s137,18
s137,3
s138,15
s138,0
s139,0
s140,0
s141,19
s141,20
s142,0
s142,3
s142,10
s143,4
s143,0
s144,0
s145,0
s146,0
s147,0
s150,0
s151,0
s152,9
s152,21
s153,0
s156,3
s156,0
s157,0
s158,10
s159,0
s160,21
s162,0
s163,0
s163,9
s163,21
s164,0
s165,0
s167,17
s167,0
s168,0
s168,10
s169,0
s170,0
s171,0
s172,0
s173,0
s173,4
s174,0
s175,0
s176,0
s177,0
s178,3
s178,0
s179,0
s180,0
s183,0
s184,0
s189,8
s191,7
s192,3
s192,10
s192,0
s193,7
s196,7
s199,13
s200,7
s201,7
s202,7
s203,7
s204,7
s205,7
s206,7
s207,7
s208,7
s209,7
s210,7
s211,7
s212,7
s216,7
s217,7
s218,7
s228,0
s229,0
s229,3
s230,0
s232,0
s248,0
s252,0
s254,7
s260,7
s260,22
s265,0
s268,23
s268,15
s268,8
s268,0
s271,17
s271,24
s271,25
s274,8
s277,14
s279,26
s280,0
s280,12
s282,13
s283,16
s285,3
s285,0
s286,27
s286,3
s286,15
s293,3
s294,11
s296,0
s298,7
s299,13
s300,8
s301,10
s301,0
s302,7
s304,19
s305,3
s306,19
s306,14
s307,13
s308,0
s309,0
s315,0
s316,0
s316,13
s317,28
s326,0
s327,0
s328,0
s328,3
s329,29
s329,0
s330,0
s330,10
s331,0
s331,10
s333,0
s333,16
s334,0
s335,0
s336,0
s338,0
s338,10
s341,0
s341,3
s342,0
s343,0
s344,0
s345,0
s346,0
s346,10
s347,0
s348,14
s348,3
s348,0
s349,3
s349,0
s350,0
s351,0
s352,0
s352,4
s353,0
s353,9
s354,0
s355,0
s356,0
s357,0
s357,8
s358,14
s358,8
s358,3
s358,0
s359,0
s360,0
s361,0
s366,30
s366,8
s366,31
s375,13
s378,32
s381,0
s384,7
s390,8
s390,33
s390,4
s390,0
s390,3
s393,0
s394,15
s403,3
s411,7
s416,7
s427,23
s430,13
s434,0
s437,34
s438,0
s440,35
s446,0
s447,0
s448,0
s449,0
s450,0
s451,0
s452,0
s453,36
s461,0
s461,10
s464,17
s470,0
s470,10
s475,0
s475,27
s487,21
s487,10
s487,0
s490,37
s490,0
s492,0
s493,0
s495,0
s497,8
s497,10
s497,0
s497,14
s503,13
s504,32
s507,15
s509,8
s509,38
s509,39
s519,7
s529,7
s530,40
s532,41
s535,36
s542,7
s543,7
s552,7
s555,13
s556,42
s556,6
s557,42
s558,15
s558,0
s559,0
s560,0
s560,4
s562,0
s563,0
s564,0
s565,0
s567,0
s567,4
s568,0
s569,0
s570,43
s573,3
s573,44
s574,0
s574,9
s575,0
s575,9
s576,0
s577,3
s577,15
s577,0
s579,8
s579,12
s579,0
s580,0
s582,0
s583,0
s584,0
s584,3
s585,0
s586,3
s586,0
s590,3
s592,0
s593,0
s594,0
s595,0
s595,4
s596,4
s596,0
s597,0
s598,0
s599,0
s599,3
s600,0
s601,0
s602,0
s603,0
s604,0
s605,3
s605,4
s605,14
s605,0
s606,0
s607,3
s607,0
s607,8
s607,17
s608,0
s609,0
s609,4
s609,10
s610,0
s610,8
s610,17
s610,3
s611,0
s611,3
s611,4
s611,45
s612,0
s612,10
s613,0
s613,23
s614,13
s615,0
s615,23
s616,0
s619,0
s623,0
s631,0
s635,8
s636,46
s637,0
s637,10
s644,0
s651,24
s652,13
s655,18
s656,18
s657,18
s677,0
s682,3
s686,0
s689,13
s695,46
s695,47
s699,48
s702,10
s703,0
s706,4
s709,0
s712,17
s717,0
s719,0
s722,0
s723,0
s724,0
s727,0
s729,0
s736,7
s737,0
s737,7
s738,48
s738,39
s738,36
s740,9
s740,0
s740,10
s741,0
s742,46
s742,49
s743,43
s744,10
s744,0
s744,50
s746,49
s747,0
s748,13
s751,16
s751,8
s751,26
s753,0
s753,3
s755,3
s755,0
s757,13
s758,0
s759,3
s763,42
s765,11
s766,14
s767,16
s769,51
s771,49
s774,48
s775,0
s776,0
s777,0
s778,0
s780,0
s783,10
s783,0
s784,24
s785,0
s785,10
s787,0
s788,0
s789,0
s791,0
s792,0
s793,0
s794,0
s795,13
s797,0
s798,0
s799,0
s800,0
s801,0
s802,0
s803,4
s803,0
s803,8
s804,12
s805,10
s805,0
s809,0
s809,29
s810,0
s811,0
s813,0
s815,0
s817,3
s817,8
s817,4
s817,0
s818,0
s819,0
s820,0
s822,3
s823,0
s824,0
s825,0
s827,0
s829,0
s835,0
s837,35
s839,19
s840,47
s840,8
s840,46
s840,52
s841,17
s847,0
s851,7
s854,0
s860,40
s864,0
s866,0
s867,0
s871,0
s872,7
s873,0
s874,7
s878,7
s879,44
s879,38
s880,0
s882,11
s883,53
s886,10
s886,11
s888,54
s890,0
s892,3
s893,7
s895,16
s895,24
s896,8
s896,0
s900,14
s902,0
s904,7
s905,0
s906,9
s907,55
s910,7
s911,0
s914,7
s915,3
s915,0
s916,4
s916,8
s917,0
s918,0
s923,0
s925,0
s927,0
s929,0
s931,0
s932,0
s933,3
s933,8
s933,14
s933,0
s934,3
s934,0
s935,3
s935,10
s935,0
s936,0
s943,0
s943,15
s944,0
s945,9
s946,3
s947,0
s947,8
s948,0
s948,3
s948,8
s949,0
s950,0
s950,56
s951,0
s951,3
s951,23
s952,0
s953,0
s954,0
s955,10
s956,8
s956,0
s957,0
s960,7
s963,0
s963,3
s967,24
s970,0
s971,0
s972,14
s974,7
s975,7
s977,55
s978,55
s979,55
s980,55
s981,55
s982,55
s983,55
s984,14
s985,55
s986,55
s987,55
s989,35
s990,55
s991,55
s992,40
s995,13
s996,55
s997,12
s1000,4
s1000,0
s1002,10
s1002,13
s1002,0
s1003,16
s1014,8
s1014,0
s1014,3
s1014,10
s1016,0
s1017,7
s1018,7
s1019,7
s1020,7
s1020,3
s1021,7
s1022,7
s1023,7
s1024,7
s1025,0
s1027,0
s1028,10
s1028,0
s1028,16
s1030,0
s1031,48
s1032,4
s1034,3
s1034,4
s1034,0
s1035,0
s1036,6
s1036,3
s1036,0
s1037,0
s1038,7
s1040,0
s1042,12
s1043,0
s1047,0
s1051,12
s1053,0
s1054,0
s1056,0
s1067,9
s1067,28
s1068,35
s1070,7
s1081,9
s1084,0
s1086,42
s1087,13
s1088,7
s1089,0
s1090,0
s1091,36
s1099,7
s1100,57
s1101,0
s1102,0
s1102,10
s1103,0
s1104,9
s1105,0
s1105,10
s1106,3
s1106,0
s1107,0
s1108,13
s1109,7
s1110,38
s1111,8
s1112,0
s1112,3
s1112,8
s1113,0
s1114,0
s1115,7
s1116,7
s1119,0
s1119,10
s1120,0
s1120,10
s1121,12
s1121,0
s1122,0
s1123,7
s1125,0
s1127,0
s1129,0
s1132,12
s1134,0
s1135,0
s1135,12
s1136,0
s1137,36
s1138,40
s1138,34
s1139,3
s1139,8
s1139,32
s1139,4
s1139,0
s1140,0
s1141,0
s1142,7
s1143,0
s1145,0
s1145,3
s1146,58
s1146,27
s1146,3
s1146,8
s1146,0
s1148,3
s1151,0
s1152,9
s1152,3
s1154,3
s1154,11
s1154,8
s1155,0
s1157,0
s1161,58
s1161,3
s1161,8
s1161,4
s1163,55
s1165,14
s1166,7
s1168,17
s1171,56
s1171,0
s1173,11
s1174,42
s1176,3
s1176,0
s1176,8
s1177,12
s1178,28
s1179,0
s1185,9
s1186,13
s1188,0
s1189,24
s1190,0
s1191,3
s1191,0
s1192,0
s1195,13
s1196,0
s1198,3
s1198,0
s1199,4
s1200,0
s1203,7
s1204,0
s1204,7
s1204,3
s1209,55
s1210,59
s1212,55
s1213,55
s1216,55
s1217,55
s1219,0
s1220,55
s1221,14
s1221,19
s1222,36
s1223,0
s1224,8
s1229,7
s1229,3
s1229,8
s1229,52
s1231,7
s1233,26
s1234,13
s1237,8
s1238,36
s1240,0
s1241,0
s1242,0
s1244,0
s1245,7
s1249,0
s1252,0
s1252,3
s1253,4
s1254,0
s1255,0
s1257,0
s1257,4
s1259,44
s1259,8
s1260,0
s1261,14
s1262,19
s1262,60
s1264,0
s1264,35
s1265,0
s1266,7
s1267,60
s1267,24
s1268,4
s1270,36
s1274,12
s1279,0
s1282,7
s1284,0
s1285,10
s1285,0
s1285,3
s1287,28
s1289,0
s1291,3
s1291,0
s1292,7
s1294,7
s1296,7
s1298,0
s1305,0
s1306,7
s1308,0
s1310,0
s1312,13
s1313,3
s1316,14
s1317,7
s1319,0
s1320,16
s1323,14
s1324,36
s1325,0
s1326,51
s1327,32
s1328,0
s1330,8
s1331,0
s1334,0
s1334,61
s1334,18
s1335,9
s1337,8
s1338,62
s1341,28
s1342,0
s1343,42
s1345,17
s1346,9
s1347,32
s1348,14
s1348,44
s1348,0
s1352,16
s1354,0
s1358,3
s1359,0
s1360,3
s1360,0
s1360,15
s1361,48
s1365,0
s1367,63
s1367,0
s1368,0
s1369,14
s1370,0
s1371,3
s1373,36
s1375,0
s1377,7
s1379,15
s1379,0
s1380,13
s1387,63
s1387,14
s1388,0
s1388,8
s1389,7
s1389,0
s1390,0
s1391,3
s1391,58
s1392,0
s1394,0
s1397,0
s1398,3
s1398,14
s1398,0
s1399,0
s1399,35
s1400,0
s1404,24
s1406,45
s1406,0
s1407,0
s1408,0
s1408,42
s1410,0
s1411,7
s1412,0
s1413,42
s1414,36
s1415,36
s1416,0
s1418,19
s1420,3
s1422,8
s1423,7
s1424,7
s1425,10
s1425,0
s1425,64
s1427,7
s1429,7
s1429,8
s1433,14
s1434,36
s1435,8
s1435,10
s1436,10
s1436,45
s1436,0
s1439,8
s1442,7
s1445,0
s1446,65
s1447,0
s1448,0
s1448,10
s1451,0
s1452,0
s1453,0
s1454,0
s1455,0
s1457,0
s1459,3
s1460,0
s1462,0
s1464,10
s1464,3
s1464,0
s1465,0
s1468,3
s1468,4
s1468,8
s1468,0
s1469,42
s1470,0
s1471,0
s1473,7
s1475,36
s1476,36
s1482,28
s1485,0
s1486,0
s1486,10
s1487,0
s1489,8
s1489,31
s1491,10
s1492,7
s1494,48
s1495,0
s1496,36
s1497,36
s1498,48
s1499,0
s1500,0
s1501,28
s1502,0
s1503,0
s1505,38
s1508,3
s1510,0
s1511,0
s1511,3
s1512,40
s1513,3
s1514,0
s1516,0
s1518,0
s1520,41
s1521,7
s1522,41
s1523,41
s1524,26
s1525,10
s1526,36
s1527,48
s1530,48
s1531,0
s1533,24
s1535,48
s1535,10
s1535,3
s1535,0
s1537,0
s1538,0
s1541,0
s1543,7
s1545,10
s1550,58
s1550,8
s1550,66
s1550,0
s1550,16
s1550,44
s1550,3
s1550,21
s1551,0
s1559,0
s1561,0
s1562,7
s1564,10
s1564,0
s1566,48
s1567,48
s1568,48
s1569,48
s1572,17
s1576,39
s1577,0
s1581,0
s1583,0
s1585,0
s1588,28
s1589,10
s1592,0
s1593,4
s1596,0
s1598,0
s1599,48
s1600,8
s1600,44
s1602,24
s1603,48
s1605,66
s1607,32
s1609,0
s1609,8
s1609,67
s1610,0
s1611,0
s1611,17
s1613,0
s1614,3
s1617,0
s1618,0
s1621,21
s1621,0
s1622,15
s1622,0
s1625,0
s1625,68
s1625,8
s1625,3
s1627,0
s1627,9
s1627,10
s1630,48
s1631,48
s1632,0
s1633,0
s1634,0
s1636,0
s1637,0
s1638,14
s1643,17
s1644,42
s1645,48
s1646,0
s1647,0
s1648,48
s1649,3
s1651,3
s1651,0
s1652,10
s1654,7
s1655,13
s1656,0
s1657,0
s1658,19
s1660,0
s1661,0
s1663,40
s1664,0
s1665,0
s1665,56
s1666,59
s1667,0
s1672,0
s1674,7
s1675,7
s1676,7
s1677,7
s1678,48
s1679,7
s1680,7
s1681,7
s1682,0
s1683,48
s1684,7
s1686,0
s1686,12
s1687,0
s1690,3
s1690,0
s1692,0
s1692,10
s1695,0
s1696,10
s1700,0
s1701,0
s1703,7
s1704,0
s1706,17
s1707,14
s1708,48
s1710,48
s1711,0
s1713,7
s1714,19
s1715,0
s1715,10
s1716,24
s1721,54
s1726,13
s1728,28
s1729,14
s1729,8
s1729,10
s1730,0
s1732,0
s1733,48
s1735,10
s1736,48
s1737,0
s1740,10
s1742,7
s1743,4
s1744,12
s1748,10
s1748,0
s1750,0
s1752,0
s1753,0
s1754,10
s1762,0
s1763,0
s1763,9
s1763,26
s1764,0
s1765,3
s1765,8
s1765,4
s1765,0
s1768,14
s1768,35
s1768,0
s1769,0
s1771,0
s1772,24
s1773,65
s1775,0
s1776,3
s1777,13
s1778,7
s1781,8
s1784,16
s1784,14
s1785,48
s1786,0
s1788,0
s1789,32
s1794,0
s1795,28
s1796,7
s1797,58
s1797,69
s1797,44
s1798,15
s1799,24
s1802,9
s1802,0
s1803,0
s1807,65
s1808,48
s1809,3
s1810,48
s1811,10
s1811,44
s1812,0
s1813,10
s1813,3
s1815,3
s1816,10
s1817,0
s1818,46
s1819,46
s1820,46
s1821,46
s1821,49
s1821,8
s1821,27
s1821,4
s1822,46
s1823,8
s1823,44
s1823,17
s1824,46
s1825,46
s1825,0
s1825,49
s1826,46
s1826,8
s1827,8
s1827,46
s1828,8
s1828,46
s1828,3
s1830,8
s1830,65
s1830,46
s1830,44
s1831,46
s1832,46
s1832,10
s1832,8
s1833,51
s1833,6
s1833,3
s1833,50
s1833,38
s1834,0
s1836,3
s1837,59
s1839,0
s1841,16
s1841,14
s1843,0
s1843,3
s1843,7
s1844,0
s1844,56
s1845,0
s1846,0
s1847,40
s1850,36
s1850,38
s1851,36
s1856,28
s1857,0
s1859,7
s1860,3
s1862,7
s1863,7
s1864,7
s1866,7
s1867,7
s1868,0
s1870,7
s1871,55
s1871,42
s1873,0
s1875,8
s1877,19
s1880,0
s1881,56
s1882,0
s1883,3
s1884,10
s1885,0
s1887,0
s1887,3
s1888,10
s1889,55
s1892,55
s1897,13
s1898,7
s1899,17
s1900,55
s1901,0
s1902,16
s1903,41
s1904,67
s1904,0
s1905,0
s1906,11
s1910,0
s1913,23
s1917,0
s1917,3
s1921,34
s1922,0
s1922,29
s1925,0
s1928,70
s1931,3
s1931,59
s1932,0
s1936,0
s1937,0
s1938,11
s1938,0
s1939,7
s1940,7
s1941,7
s1942,7
s1943,7
s1944,7
s1945,7
s1946,7
s1947,7
s1951,7
s1958,0
s1958,7
s1960,3
s1961,0
s1964,12
s1965,12
s1966,12
s1967,12
s1968,12
s1970,12
s1971,40
s1972,7
s1973,7
s1975,7
s1976,7
s1977,7
s1978,7
s1982,36
s1983,7
s1985,8
s1986,3
s1988,0
s1996,0
s1997,14
s1998,3
s1998,8
s1998,0
s1998,44
s1998,69
s1998,9
s1998,4
s1999,3
s2001,3
s2002,8
s2002,0
s2004,0
s2004,8
s2004,10
s2004,44
s2006,13
s2008,16
s2011,0
s2012,4
s2012,9
s2012,3
s2016,7
s2017,7
s2018,7
s2019,7
s2020,7
s2021,7
s2023,0
s2024,7
s2025,55
s2026,7
s2027,7
s2028,36
s2029,40
s2030,0
s2031,7
s2032,8
s2035,19
s2036,0
s2037,42
s2040,55
s2044,3
s2046,0
s2047,11
s2049,13
s2050,48
s2051,24
s2052,36
s2053,0
s2056,4
s2057,4
s2057,0
s2058,43
s2060,21
s2060,66
s2060,0
s2061,48
s2062,38
s2066,12
s2066,0
s2068,12
s2072,0
s2073,0
s2075,7
s2076,14
s2077,0
s2078,17
s2080,0
s2080,44
s2080,10
s2080,8
s2081,3
s2082,10
s2083,7
s2084,0
s2085,0
s2088,11
s2088,71
s2089,14
s2091,0
s2092,28
s2093,0
s2095,0
s2095,48
s2096,0
s2101,0
s2104,7
s2105,16
s2108,0
s2109,42
s2111,40
s2112,19
s2116,0
s2117,13
s2118,36
s2121,3
s2121,0
s2122,0
s2122,3
s2122,10
s2122,9
s2127,7
s2130,10
s2131,0
s2131,13
s2132,3
s2133,0
s2138,8
s2139,3
s2139,0
s2140,0
s2140,8
s2142,7
s2143,0
s2144,0
s2147,0
s2150,0
s2150,10
s2150,3
s2151,4
s2155,0
s2156,0
s2160,0
s2162,72
s2164,8
s2168,0
s2170,0
s2172,0
s2173,0
s2177,0
s2178,10
s2180,55
s2180,0
s2184,10
s2186,4
s2187,7
s2188,11
s2189,0
s2192,73
s2192,4
s2192,65
s2194,7
s2196,13
s2197,74
s2198,24
s2198,8
s2199,32
s2203,0
s2205,7
s2206,9
s2207,7
s2208,9
s2208,14
s2208,42
s2208,0
s2209,0
s2210,13
s2211,14
s2211,4
s2212,12
s2214,3
s2214,0
s2216,42
s2217,11
s2221,21
s2221,9
s2222,3
s2225,8
s2225,44
s2225,69
s2232,13
s2233,0
s2234,8
s2234,44
s2235,13
s2240,13
s2241,17
s2243,15
s2245,11
s2248,40
s2251,0
s2252,44
s2257,23
s2258,0
s2260,0
s2261,0
s2261,8
s2263,0
s2263,9
s2265,7
s2266,7
s2267,7
s2268,7
s2269,7
s2270,7
s2271,7
s2272,7
s2273,7
s2274,7
s2275,7
s2276,35
s2277,7
s2278,7
s2279,7
s2280,7
s2281,7
s2282,7
s2283,7
s2284,0
s2285,7
s2286,7
s2287,7
s2288,7
s2289,7
s2290,7
s2291,7
s2292,7
s2295,0
s2296,36
s2296,3
s2297,27
s2297,8
s2297,44
s2297,0
s2301,1
s2303,24
s2305,17
s2308,0
s2308,10
s2309,14
s2310,55
s2311,10
s2312,0
s2312,4
s2312,10
s2313,55
s2315,3
s2315,0
s2316,0
s2318,0
s2318,16
s2320,17
s2322,0
s2324,3
s2324,13
s2325,36
s2326,13
s2329,15
s2331,0
s2333,13
s2334,48
s2337,7
s2339,7
s2340,7
s2341,7
s2343,7
s2345,60
s2346,0
s2348,7
s2349,13
s2351,0
s2352,13
s2354,7
s2355,8
s2355,40
s2357,0
s2359,8
s2361,55
s2362,40
s2362,8
s2364,8
s2364,24
s2364,14
s2364,44
s2365,12
s2366,40
s2366,31
s2367,8
s2367,40
s2368,40
s2369,40
s2370,40
s2372,48
s2373,35
s2374,40
s2375,46
s2376,40
s2377,40
s2378,10
s2378,42
s2378,0
s2380,3
s2380,0
s2381,0
s2382,13
s2382,3
s2383,0
s2386,19
s2386,14
s2387,41
s2388,13
s2390,7
s2392,36
s2393,7
s2394,0
s2398,0
s2399,12
s2403,49
s2403,75
s2403,46
s2403,34
s2404,34
s2406,0
s2408,0
s2411,42
s2412,0
s2413,32
s2414,7
s2415,7
s2417,0
s2419,40
s2420,0
s2421,7
s2422,13
s2424,0
s2424,10
s2425,0
s2428,55
s2429,55
s2430,40
s2431,0
s2434,40
s2435,40
s2436,40
s2438,40
s2439,40
s2440,40
s2442,34
s2442,49
s2443,40
s2444,40
s2446,7
s2447,76
s2449,49
s2452,12
s2452,0
s2455,0
s2456,3
s2456,4
s2456,49
s2456,23
s2457,18
s2457,0
s2458,49
s2459,7
s2461,8
s2461,40
s2464,49
s2465,49
s2466,19
s2468,16
s2468,0
s2469,15
s2470,9
s2471,0
s2472,0
s2475,36
s2476,36
s2478,13
s2479,12
s2480,0
s2481,10
s2482,36
s2483,37
s2486,60
s2488,40
s2491,40
s2492,40
s2493,40
s2494,10
s2494,13
s2495,0
s2497,3
s2498,0
s2499,16
s2501,7
s2502,40
s2503,40
s2504,40
s2505,40
s2506,40
s2507,40
s2508,0
s2510,40
s2511,40
s2512,34
s2512,38
s2512,4
s2512,75
s2512,49
s2512,0
s2513,40
s2514,13
s2517,37
s2521,46
s2522,14
s2523,8
s2528,35
s2532,36
s2533,36
s2534,49
s2535,7
s2537,16
s2538,13
s2539,37
s2540,7
s2541,0
s2542,49
s2544,0
s2545,7
s2546,7
s2548,0
s2550,0
s2551,17
s2554,3
s2554,4
s2554,0
s2554,8
s2556,49
s2557,37
s2558,9
s2559,36
s2560,0
s2562,0
s2563,7
s2563,3
s2563,9
s2563,10
s2563,12
s2563,42
s2563,0
s2564,24
s2565,7
s2566,19
s2567,0
s2568,26
s2571,0
s2572,0
s2573,0
s2574,0
s2577,0
s2578,0
s2579,8
s2579,44
s2580,0
s2583,0
s2585,11
s2588,7
s2590,7
s2592,0
s2593,0
s2597,0
s2597,3
s2598,0
s2602,24
s2603,12
s2604,28
s2606,55
s2608,13
s2611,7
s2613,55
s2614,55
s2614,7
s2615,40
s2616,55
s2617,55
s2618,17
s2618,55
s2619,55
s2621,55
s2622,55
s2623,0
s2624,40
s2625,18
s2626,7
s2627,7
s2630,7
s2631,40
s2633,3
s2633,0
s2633,12
s2634,40
s2635,8
s2635,44
s2635,0
s2636,40
s2637,40
s2638,40
s2639,40
s2643,7
s2645,7
s2647,36
s2648,36
s2650,36
s2651,42
s2654,32
s2655,13
s2656,14
s2657,10
s2657,0
s2657,3
s2660,0
s2664,7
s2668,55
s2669,8
s2669,44
s2672,4
s2673,0
s2674,14
s2674,4
s2675,72
s2675,19
s2676,8
s2678,0
s2678,3
s2678,12
s2679,0
s2680,24
s2681,0
s2682,55
s2683,48
s2684,7
s2686,7
s2687,0
s2688,13
s2689,13
s2691,10
s2694,3
s2694,17
s2695,8
s2696,0
s2697,17
s2698,0
s2701,48
s2702,0
s2703,0
s2704,0
s2705,0
s2706,0
s2707,58
s2707,3
s2708,0
s2710,0
s2713,3
s2713,8
s2713,44
s2713,10
s2713,0
s2715,12
s2716,7
s2717,7
s2717,0
s2718,7
s2720,51
s2721,7
s2721,0
s2722,7
s2723,7
s2724,7
s2725,7
s2726,7
s2727,7
s2729,7
s2730,7
s2731,7
s2732,7
s2733,7
s2734,7
s2735,7
s2736,7
s2739,7
s2742,7
s2745,38
s2745,4
s2745,50
s2745,3
s2746,0
s2748,7
s2750,0
s2751,7
s2755,0
s2756,10
s2757,7
s2758,0
s2759,10
s2759,0
s2761,7
s2763,0
s2764,0
s2767,7
s2769,10
s2770,10
s2771,10
s2772,0
s2774,45
s2776,35
s2779,0
s2781,45
s2782,14
s2783,0
s2790,16
s2797,17
s2799,0
s2800,12
s2800,0
s2801,34
s2802,0
s2804,12
s2807,0
s2810,0
s2811,7
s2816,7
s2818,11
s2820,15
s2821,0
s2822,42
s2822,0
s2823,0
s2824,55
s2829,10
s2829,0
s2830,0
s2833,11
s2834,7
s2835,8
s2836,0
s2837,0
s2838,14
s2840,13
s2843,35
s2844,18
s2844,8
s2844,27
s2844,4
s2845,0
s2846,18
s2847,14
s2848,0
s2848,10
s2849,24
s2850,0
s2851,7
s2852,11
s2853,3
s2854,0
s2857,7
s2860,0
s2861,3
s2861,0
s2861,8
s2862,0
s2863,11
s2864,0
s2866,8
s2868,0
s2874,7
s2877,12
s2878,34
s2879,13
s2880,13
s2882,13
s2883,13
s2886,13
s2887,0
s2888,0
s2890,0
s2891,10
s2896,4
s2897,7
s2898,0
s2899,7
s2900,11
s2904,8
s2904,68
s2904,0
s2905,0
s2906,0
s2907,13
s2908,0
s2909,0
s2912,3
s2912,8
s2912,44
s2912,58
s2912,0
s2913,48
s2914,32
s2915,4
s2916,11
s2917,7
s2919,13
s2920,12
s2924,35
s2925,11
s2926,0
s2929,0
s2931,36
s2933,0
s2934,0
s2934,65
s2934,10
s2935,32
s2935,0
s2936,7
s2937,1
s2940,0
s2941,7
s2944,0
s2947,59
s2947,0
s2948,0
s2950,0
s2951,0
s2952,0
s2953,0
s2955,7
s2956,14
s2957,0
s2958,7
s2961,0
s2962,10
s2962,11
s2963,8
s2963,42
s2963,12
s2963,0
s2964,38
s2969,0
s2970,7
s2971,12
s2973,8
s2974,13
s2976,0
s2979,0
s2982,8
s2982,44
s2986,7
s2987,7
s2988,7
s2989,0
s2990,28
s2991,11
s2996,0
s2997,16
s3000,28
s3000,41
s3003,72
s3003,19
s3003,4
s3003,14
s3004,0
s3005,7
s3007,7
s3008,0
s3009,0
s3009,3
s3009,8
s3009,4
s3009,12
s3010,0
s3015,0
s3017,0
s3017,8
s3017,12
s3018,0
s3019,3
s3019,8
s3019,0
s3020,12
s3022,3
s3022,0
s3023,7
s3024,14
s3024,8
s3024,0
s3026,54
s3027,0
s3028,0
s3030,32
s3032,0
s3033,7
s3037,7
s3039,3
s3042,0
s3044,0
s3045,14
s3047,16
s3049,7
s3052,36
s3052,42
s3052,39
s3055,3
s3058,0
s3059,0
s3059,42
s3060,42
s3060,0
s3061,7
s3062,0
s3063,0
s3063,14
s3069,16
s3069,14
s3070,12
s3071,36
s3074,0
s3078,7
s3079,7
s3081,0
s3082,0
s3090,12
s3091,11
s3092,19
s3092,72
s3092,67
s3095,17
s3097,0
s3098,0
s3099,12
s3100,0
s3101,33
s3101,0
s3102,8
s3102,12
s3103,0
s3105,16
s3106,0
s3108,0
s3110,15
s3111,13
s3113,13
s3115,13
s3117,3
s3117,17
s3124,0
s3125,62
s3126,3
s3126,0
s3126,4
s3126,50
s3126,44
s3126,12
s3127,7
s3131,13
s3132,7
s3133,7
s3134,7
s3135,7
s3135,4
s3136,7
s3137,7
s3138,12
s3140,7
s3141,13
s3142,7
s3143,7
s3144,7
s3145,1
s3146,7
s3148,7
s3150,7
s3151,0
s3152,13
s3153,11
s3156,28
s3158,3
s3159,7
s3159,3
s3159,10
s3159,0
s3160,40
s3161,0
s3162,0
s3163,0
s3164,7
s3165,24
s3167,13
s3170,3
s3170,0
s3171,12
s3172,13
s3175,24
s3179,13
s3180,3
s3180,13
s3181,0
s3187,0
s3189,0
s3190,7
s3191,0
s3192,48
s3192,0
s3194,7
s3196,7
s3198,3
s3199,7
s3201,35
s3202,7
s3203,8
s3204,18
s3204,29
s3204,45
s3206,72
s3206,77
s3207,7
s3208,8
s3208,78
s3208,44
s3210,13
s3211,8
s3212,11
s3215,13
s3216,13
s3218,13
s3219,0
s3224,0
s3225,7
s3227,10
s3227,65
s3228,0
s3229,0
s3230,0
s3234,7
s3236,0
s3238,8
s3240,12
s3245,0
s3249,0
s3251,0
s3252,7
s3254,16
s3255,7
s3257,0
s3261,0
s3262,3
s3262,8
s3263,0
s3263,60
s3265,3
s3265,12
s3265,0
s3266,26
s3267,19
s3268,7
s3269,7
s3273,12
s3274,14
s3274,3
s3279,7
s3279,0
s3281,12
s3286,8
s3290,0
s3291,0
s3297,0
s3298,8
s3300,7
s3301,0
s3303,9
s3303,21
s3304,24
s3306,0
s3308,0
s3309,42
s3310,0
s3312,0
s3313,7
s3316,0
s3318,0
s3318,10
s3319,0
s3320,0
s3320,42
s3320,12
s3321,0
s3321,10
s3322,0
s3323,0
s3324,0
s3324,10
s3325,0
s3327,14
s3330,0
s3332,0
s3333,3
s3335,7
s3338,0
s3339,0
s3344,0
s3348,3
s3348,45
s3348,15
s3349,17
s3349,44
s3354,16
s3355,19
s3357,28
s3359,42
s3360,7
s3363,0
s3367,3
s3372,55
s3373,0
s3380,0
s3381,27
s3384,0
s3385,39
s3385,41
s3387,0
s3388,21
s3388,9
s3389,0
s3390,3
s3392,8
s3392,44
s3392,69
s3392,18
s3392,10
s3392,0
s3393,11
s3393,13
s3399,0
s3403,55
s3406,14
s3408,13
s3410,0
s3412,13
s3413,7
s3414,36
s3420,42
s3422,0
s3422,3
s3423,0
s3424,55
s3425,10
s3426,8
s3428,55
s3429,0
s3430,0
s3432,13
s3433,12
s3435,14
s3435,8
s3439,0
s3440,0
s3442,0
s3444,36
s3447,7
s3449,55
s3451,10
s3451,0
s3452,55
s3457,0
s3460,16
s3462,42
s3466,38
s3472,0
s3473,4
s3473,0
s3476,0
s3477,0
s3478,0
s3479,3
s3481,12
s3483,55
s3485,0
s3485,10
s3487,7
s3488,21
s3488,9
s3495,0
s3496,0
s3497,7
s3498,0
s3499,7
s3501,0
s3504,14
s3507,14
s3508,55
s3510,7
s3512,3
s3513,0
s3514,0
s3515,0
s3517,7
s3518,0
s3519,0
s3521,55
s3523,9
s3524,0
s3529,0
s3529,3
s3531,7
s3532,7
s3533,7
s3534,55
s3537,79
s3538,7
s3542,12
s3543,50
s3543,24
s3543,8
s3543,63
s3543,51
s3545,0
s3546,49
s3549,26
s3550,60
s3555,14
s3556,0
s3557,24
s3558,0
s3560,0
s3561,21
s3564,7
s3565,7
s3566,9
s3566,28
s3567,7
s3570,7
s3570,55
s3573,48
s3575,3
s3583,0
s3584,0
s3587,14
s3590,7
s3590,0
s3591,28
s3592,24
s3594,7
s3595,7
s3596,0
s3603,7
s3604,0
s3606,0
s3614,42
s3615,42
s3617,7
s3618,0
s3619,48
s3620,0
s3621,0
s3623,0
s3624,0
s3624,12
s3626,16
s3627,38
s3631,7
s3632,7
s3635,10
s3638,14
s3639,48
s3639,39
s3640,8
s3640,44
s3642,19
s3646,0
s3647,0
s3648,21
s3649,21
s3650,21
s3650,9
s3651,21
s3651,9
s3653,14
s3654,0
s3658,0
s3659,7
s3662,7
s3663,0
s3669,14
s3671,28
s3671,9
s3671,8
s3671,0
s3673,4
s3676,8
s3676,0
s3680,0
s3694,0
s3699,35
s3700,7
s3702,7
s3704,26
s3704,73
s3704,3
s3707,16
s3710,3
s3712,16
s3714,7
s3716,0
s3718,35
s3718,9
s3718,0
s3719,19
s3719,0
s3720,26
s3721,12
s3729,12
s3730,7
s3731,8
s3732,0
s3734,0
s3735,0
s3736,4
s3740,7
s3741,7
s3748,24
s3754,0
s3757,0
s3758,36
s3759,0
s3760,0
s3762,72
s3762,14
s3762,16
s3764,14
s3765,15
s3766,7
s3767,8
s3767,69
s3767,10
s3768,4
s3769,7
s3772,0
s3773,4
s3774,12
s3776,38
s3777,0
s3782,7
s3784,7
s3786,18
s3787,21
s3789,7
s3791,7
s3792,9
s3794,42
s3798,54
s3799,0
s3801,0
s3805,7
s3806,0
s3814,48
s3816,17
s3817,0
s3819,0
s3820,7
s3821,3
s3823,7
s3826,0
s3830,0
s3831,23
s3833,60
s3833,19
s3834,8
s3835,21
s3835,9
s3837,14
s3842,0
s3843,28
s3859,9
s3861,16
s3863,14
s3864,0
s3866,42
s3867,0
s3869,7
s3870,0
s3872,3
s3873,0
s3874,41
s3875,7
s3876,21
s3878,0
s3886,7
s3889,26
s3890,55
s3891,7
s3895,50
s3900,7
s3904,0
s3905,17
s3905,8
s3906,3
s3907,16
s3909,3
s3911,7
s3912,7
s3914,7
s3914,8
s3915,7
s3916,7
s3917,7
s3918,7
s3919,7
s3920,0
s3922,14
s3923,55
s3924,55
s3927,0
s3929,42
s3930,24
s3931,10
s3931,4
s3933,7
s3936,0
s3940,7
s3946,0
s3949,36
s3951,7
s3952,41
s3953,0
s3955,9
s3956,79
s3956,49
s3958,0
s3960,0
s3961,1
s3961,0
s3963,7
s3964,16
s3964,80
s3967,0
s3973,36
s3974,36
s3975,0
s3976,7
s3978,14
s3979,35
s3983,14
s3986,0
s3991,48
s3992,48
s3993,48
s3994,48
s3995,48
s3996,72
s3998,7
s4000,0
s4001,0
s4003,49
s4003,3
s4003,7
s4004,8
s4004,44
s4005,17
s4006,38
s4006,44
s4008,0
s4009,0
s4010,0
s4011,0
s4012,0
s4012,28
s4014,41
s4018,48
s4019,48
s4020,48
s4021,48
s4022,48
s4025,0
s4032,49
s4034,0
s4035,8
s4037,0
s4038,0
s4039,48
s4040,48
s4041,48
s4042,48
s4046,0
s4047,48
s4048,48
s4049,12
s4052,35
s4054,8
s4054,44
s4059,10
s4060,0
s4060,8
s4061,0
s4063,3
s4063,81
s4065,82
s4065,19
s4066,0
s4067,14
s4067,8
s4068,14
s4068,8
s4069,48
s4070,48
s4071,48
s4072,48
s4073,7
s4074,48
s4075,48
s4076,48
s4077,48
s4078,48
s4079,48
s4081,0
s4082,7
s4083,14
s4084,0
s4086,7
s4087,0
s4088,8
s4089,7
s4092,42
s4093,0
s4094,10
s4095,7
s4096,3
s4096,56
s4096,0
s4098,7
s4099,7
s4101,24
s4102,7
s4103,7
s4104,7
s4105,50
s4107,7
s4108,7
s4109,7
s4111,23
s4113,7
s4114,14
s4116,0
s4121,0
s4122,0
s4124,0
s4125,14
s4129,0
s4134,3
s4135,7
s4137,28
s4139,0
s4140,0
s4147,0
s4148,41
s4149,9
s4149,21
s4152,7
s4152,79
s4153,7
s4155,42
s4156,14
s4158,36
s4158,39
s4159,7
s4160,36
s4161,36
s4162,36
s4165,48
s4166,14
s4166,44
s4170,19
s4170,14
s4174,19
s4175,55
s4178,0
s4181,24
s4182,16
s4183,7
s4187,79
s4189,7
s4191,7
s4192,79
s4193,42
s4194,0
s4195,36
s4196,36
s4198,7
s4199,48
s4205,14
s4206,0
s4209,12
s4210,7
s4211,62
s4212,35
s4213,66
s4213,51
s4213,44
s4215,13
s4218,3
s4220,35
s4222,7
s4223,0
s4224,12
s4225,7
s4226,7
s4229,0
s4230,3
s4232,3
s4233,3
s4234,0
s4238,0
s4239,0
s4240,0
s4244,12
s4245,0
s4247,3
s4248,3
s4249,0
s4250,0
s4253,72
s4253,19
s4253,14
s4256,7
s4260,14
s4263,3
s4263,58
s4263,0
s4268,8
s4268,44
s4269,0
s4278,39
s4279,12
s4281,39
s4282,39
s4283,39
s4284,7
s4285,0
s4286,7
s4287,0
s4288,7
s4290,0
s4292,0
s4293,10
s4293,4
s4293,8
s4293,0
s4294,0
s4295,3
s4295,12
s4296,0
s4298,48
s4300,0
s4302,0
s4304,7
s4307,16
s4307,0
s4315,0
s4316,17
s4318,0
s4320,3
s4320,0
s4322,15
s4325,0
s4329,79
s4330,9
s4330,21
s4331,21
s4333,65
s4333,50
s4333,38
s4333,51
s4334,21
s4334,9
s4335,21
s4336,7
s4337,41
s4338,21
s4339,21
s4339,9
s4340,15
s4342,21
s4342,9
s4342,0
s4343,9
s4343,21
s4344,21
s4346,21
s4347,7
s4349,21
s4350,9
s4352,0
s4353,58
s4353,10
s4355,16
s4356,17
s4356,27
s4356,8
s4356,4
s4358,7
s4359,7
s4361,8
s4362,16
s4362,38
s4365,0
s4370,0
s4371,14
s4374,0
s4374,10
s4375,36
s4376,36
s4378,0
s4379,0
s4383,0
s4384,8
s4384,44
s4386,0
s4389,7
s4391,10
s4392,7
s4393,36
s4395,7
s4396,7
s4397,14
s4398,48
s4402,21
s4403,4
s4405,3
s4405,0
s4412,7
s4415,24
s4418,0
s4419,8
s4419,83
s4419,0
s4420,0
s4421,7
s4422,7
s4423,7
s4424,7
s4425,7
s4426,7
s4427,7
s4428,7
s4429,10
s4430,7
s4432,3
s4432,7
s4433,7
s4434,7
s4435,0
s4436,24
s4438,7
s4439,7
s4440,7
s4441,7
s4442,7
s4443,7
s4444,7
s4445,7
s4446,7
s4447,7
s4448,0
s4449,7
s4450,7
s4451,0
s4452,7
s4453,7
s4454,7
s4455,7
s4456,7
s4457,7
s4458,7
s4459,7
s4460,7
s4461,0
s4463,0
s4464,11
s4465,7
s4467,7
s4468,14
s4468,8
s4469,48
s4471,21
s4471,9
s4473,56
s4473,32
s4473,67
s4474,14
s4474,63
s4478,7
s4481,0
s4483,0
s4485,0
s4487,73
s4491,16
s4491,19
s4493,3
s4493,10
s4493,0
s4493,64
s4494,42
s4497,7
s4500,21
s4500,9
s4501,36
s4501,0
s4503,7
s4506,0
s4507,7
s4508,7
s4510,7
s4511,3
s4511,0
s4513,14
s4513,8
s4516,36
s4520,0
s4520,33
s4520,3
s4520,10
s4523,65
s4523,66
s4523,0
s4525,0
s4526,0
s4527,41
s4529,0
s4533,3
s4534,0
s4538,3
s4538,7
s4538,0
s4539,0
s4540,0
s4540,29
s4541,0
s4545,3
s4546,3
s4548,3
s4549,3
s4553,3
s4555,3
s4557,7
s4558,10
s4559,7
s4560,7
s4561,7
s4562,7
s4563,7
s4564,7
s4566,7
s4568,7
s4569,7
s4570,7
s4572,7
s4573,7
s4574,7
s4575,7
s4576,7
s4577,7
s4578,7
s4579,7
s4580,7
s4581,7
s4582,7
s4583,7
s4584,7
s4585,7
s4586,7
s4587,7
s4588,7
s4589,7
s4590,0
s4591,0
s4591,10
s4592,0
s4593,7
s4594,7
s4595,7
s4596,7
s4597,7
s4597,0
s4598,7
s4599,7
s4600,7
s4601,7
s4602,7
s4603,7
s4604,7
s4606,7
s4608,7
s4610,7
s4611,7
s4612,7
s4613,7
s4614,7
s4614,15
s4615,7
s4616,79
s4617,0
s4617,3
s4618,24
s4619,9
s4620,0
s4625,36
s4627,3
s4627,0
s4631,0
s4642,33
s4642,0
s4643,0
s4647,17
s4650,38
s4657,9
s4657,10
s4657,0
s4658,0
s4660,44
s4660,3
s4660,0
s4661,7
s4662,3
s4662,0
s4665,28
s4666,8
s4666,44
s4667,7
s4668,7
s4669,7
s4670,7
s4670,4
s4670,54
s4672,8
s4676,14
s4680,7
s4681,7
s4682,7
s4684,0
s4686,7
s4687,10
s4688,9
s4689,0
s4691,7
s4692,7
s4693,7
s4694,7
s4695,7
s4698,14
s4698,16
s4699,0
s4700,42
s4701,7
s4702,0
s4702,7
s4706,3
s4706,8
s4706,0
s4707,0
s4708,0
s4709,19
s4709,14
s4713,7
s4714,7
s4715,7
s4716,9
s4716,12
s4719,0
s4720,7
s4721,7
s4722,7
s4723,7
s4724,7
s4725,7
s4726,7
s4727,7
s4728,7
s4729,7
s4730,7
s4731,7
s4732,7
s4733,7
s4734,7
s4735,7
s4736,7
s4737,7
s4738,7
s4740,0
s4741,19
s4741,8
s4746,15
s4747,15
s4749,8
s4749,44
s4750,16
s4752,0
s4756,7
s4757,0
s4758,14
s4761,9
s4761,0
s4761,3
s4766,24
s4769,14
s4770,12
s4771,15
s4774,0
s4775,0
s4776,16
s4780,42
s4782,19
s4783,0
s4784,14
s4785,8
s4785,69
s4785,0
s4786,0
s4787,0
s4788,0
s4789,0
s4790,9
s4790,0
s4790,15
s4791,7
s4792,0
s4793,7
s4794,7
s4795,0
s4796,7
s4797,7
s4798,7
s4800,16
s4801,7
s4803,7
s4804,0
s4806,14
s4807,3
s4809,60
s4811,26
s4811,16
s4813,0
s4815,0
s4817,12
s4818,8
s4820,0
s4820,10
s4820,58
s4823,9
s4824,15
s4826,7
s4827,33
s4829,0
s4830,14
s4831,60
s4831,73
s4834,0
s4835,15
s4836,16
s4840,7
s4841,35
s4843,0
s4844,4
s4848,14
s4850,19
s4851,0
s4852,0
s4855,0
s4856,11
s4859,0
s4861,7
s4862,12
s4864,0
s4865,0
s4867,16
s4869,3
s4869,0
s4871,0
s4872,4
s4873,0
s4874,10
s4874,12
s4874,0
s4876,3
s4876,10
s4876,0
s4876,4
s4877,8
s4879,17
s4879,27
s4879,84
s4879,32
s4881,16
s4882,9
s4882,21
s4883,14
s4884,26
s4885,61
s4886,7
s4887,7
s4889,0
s4890,19
s4890,14
s4891,0
s4892,10
s4894,14
s4900,7
s4902,0
s4903,14
s4905,7
s4906,8
s4908,0
s4910,14
s4913,0
s4916,4
s4917,0
s4918,24
s4919,42
s4920,0
s4921,0
s4922,10
s4922,0
s4924,24
s4928,0
s4928,10
s4928,36
s4928,3
s4928,9
s4928,39
s4929,0
s4930,8
s4932,26
s4933,3
s4935,0
s4936,0
s4937,14
s4937,26
s4938,0
s4939,0
s4940,16
s4940,0
s4941,19
s4944,29
s4945,8
s4946,7
s4948,19
s4948,24
s4948,8
s4948,32
s4948,4
s4948,50
s4949,7
s4951,0
s4953,7
s4954,7
s4955,7
s4956,7
s4957,7
s4959,3
s4960,0
s4961,0
s4963,16
s4964,3
s4964,14
s4964,0
s4964,4
s4966,10
s4967,10
s4969,3
s4970,48
s4970,52
s4971,0
s4972,38
s4972,44
s4972,4
s4972,75
s4973,0
s4975,0
s4976,7
s4978,49
s4978,0
s4983,12
s4984,51
s4987,32
s4988,42
s4990,3
s4991,0
s4992,12
s4994,0
s4997,29
s4997,0
s4999,0
s5002,19
s5003,60
s5004,10
s5007,0
s5008,7
s5009,7
s5010,7
s5011,0
s5012,4
s5013,7
s5014,14
s5015,7
s5016,10
s5017,10
s5018,10
s5019,10
s5020,10
s5021,7
s5022,7
s5023,42
s5025,0
s5026,14
s5029,3
s5029,4
s5032,42
s5034,12
s5035,19
s5038,0
s5040,0
s5041,7
s5042,0
s5043,3
s5043,10
s5045,0
s5048,0
s5051,45
s5052,42
s5054,0
s5056,4
s5057,0
s5059,14
s5060,0
s5061,39
s5063,19
s5065,29
s5065,0
s5067,26
s5068,0
s5072,0
s5073,0
s5074,10
s5074,0
s5075,3
s5077,26
s5078,12
s5080,85
s5080,7
s5081,7
s5082,15
s5082,49
s5084,6
s5084,0
s5085,0
s5087,0
s5089,7
s5092,0
s5093,12
s5094,0
s5097,12
s5101,0
s5102,0
s5103,10
s5105,8
s5107,4
s5108,0
s5109,0
s5111,0
s5112,3
s5114,0
s5115,19
s5116,10
s5117,16
s5117,0
s5118,3
s5122,0
s5123,7
s5124,0
s5125,42
s5125,9
s5125,0
s5128,0
s5130,0
s5131,7
s5132,7
s5132,85
s5134,0
s5135,0
s5136,7
s5137,12
s5137,0
s5138,0
s5143,7
s5143,16
s5144,86
s5144,4
s5144,8
s5145,8
s5147,49
s5147,18
s5149,0
s5152,7
s5154,14
s5159,0
s5161,15
s5161,10
s5162,0
s5163,0
s5164,0
s5165,10
s5165,0
s5168,0
s5172,0
s5173,10
s5175,12
s5177,16
s5178,24
s5180,0
s5182,0
s5184,7
s5187,7
s5188,14
s5189,49
s5190,4
s5191,9
s5197,0
s5198,0
s5199,0
s5200,10
s5202,0
s5203,0
s5204,0
s5205,3
s5208,0
s5212,0
s5213,8
s5214,0
s5215,7
s5218,7
s5219,23
s5221,7
s5221,41
s5223,4
s5223,75
s5223,38
s5224,55
s5224,8
s5224,4
s5224,32
s5225,16
s5227,0
s5228,0
s5229,34
s5230,14
s5231,0
s5235,0
s5236,42
s5239,14
s5242,10
s5249,65
s5249,4
s5250,16
s5253,0
s5256,0
s5261,8
s5261,87
s5262,0
s5265,10
s5266,14
s5266,19
s5267,0
s5268,0
s5269,0
s5270,0
s5270,10
s5271,61
s5271,0
s5274,0
s5277,0
s5278,0
s5280,60
s5283,0
s5284,0
s5291,7
s5293,12
s5294,12
s5295,0
s5297,7
s5301,7
s5303,0
s5304,7
s5305,7
s5307,4
s5309,8
s5310,7
s5310,85
s5311,19
s5311,14
s5312,9
s5313,3
s5313,17
s5313,33
s5313,73
s5313,0
s5314,19
s5314,72
s5314,14
s5314,8
s5315,19
s5316,0
s5317,0
s5318,15
s5319,0
s5320,0
s5323,0
s5324,3
s5324,8
s5324,0
s5324,44
s5326,0
s5327,0
s5329,0
s5330,0
s5331,16
s5332,0
s5333,0
s5334,0
s5335,7
s5338,7
s5341,0
s5342,8
s5342,10
s5342,9
s5342,61
s5343,16
s5344,0
s5345,3
s5345,8
s5345,44
s5345,0
s5347,14
s5347,4
s5352,58
s5354,0
s5359,0
s5360,15
s5362,60
s5362,8
s5365,8
s5369,0
s5370,0
s5372,7
s5373,0
s5374,14
s5375,14
s5376,0
s5378,0
s5379,0
s5380,0
s5382,10
s5386,0
s5388,8
s5389,55
s5390,15
s5392,7
s5395,38
s5397,7
s5399,7
s5401,7
s5403,14
s5409,7
s5412,14
s5416,42
s5416,0
s5417,0
s5418,0
s5420,0
s5421,7
s5424,0
s5425,0
s5429,17
s5429,0
s5430,7
s5431,24
s5432,3
s5433,0
s5436,42
s5441,10
s5441,0
s5442,7
s5443,36
s5444,14
s5447,42
s5448,7
s5449,3
s5450,0
s5451,3
s5452,3
s5453,7
s5454,0
s5455,24
s5456,8
s5456,3
s5456,7
s5461,7
s5462,7
s5463,7
s5464,14
s5467,3
s5469,0
s5470,7
s5473,7
s5474,0
s5475,8
s5477,12
s5479,24
s5481,0
s5482,7
s5483,7
s5484,0
s5486,7
s5487,6
s5487,88
s5488,4
s5488,0
s5490,0
s5491,3
s5492,8
s5492,10
s5493,0
s5494,0
s5496,16
s5497,0
s5498,0
s5499,39
s5499,8
s5500,7
s5501,7
s5502,8
s5502,44
s5503,8
s5503,44
s5505,10
s5506,7
s5507,10
s5508,14
s5508,27
s5512,0
s5513,10
s5513,0
s5516,7
s5517,11
s5517,0
s5517,4
s5518,51
s5519,0
s5523,0
s5525,0
s5526,0
s5527,4
s5528,4
s5529,4
s5530,17
s5531,13
s5532,8
s5532,44
s5533,14
s5534,0
s5535,16
s5536,0
s5537,0
s5540,14
s5540,19
s5541,0
s5544,24
s5545,0
s5546,7
s5547,0
s5548,7
s5550,7
s5551,14
s5552,19
s5553,14
s5556,3
s5557,0
s5558,0
s5560,24
s5561,0
s5562,0
s5563,0
s5565,0
s5566,0
s5569,42
s5571,3
s5571,12
s5571,0
s5572,7
s5573,10
s5574,3
s5575,7
s5577,0
s5578,63
s5578,14
s5580,0
s5582,55
s5583,0
s5585,7
s5587,0
s5588,7
s5589,24
s5590,24
s5591,0
s5595,0
s5596,14
s5597,0
s5598,14
s5598,17
s5598,19
s5600,7
s5601,4
s5605,14
s5606,60
s5606,14
s5606,19
s5606,4
s5607,0
s5608,3
s5611,3
s5611,0
s5614,0
s5615,16
s5616,0
s5617,7
s5618,7
s5619,7
s5620,14
s5621,14
s5622,10
s5622,0
s5623,0
s5624,16
s5625,8
s5626,3
s5627,24
s5628,0
s5629,8
s5630,7
s5631,0
s5632,0
s5633,4
s5634,54
s5634,6
s5635,4
s5636,4
s5638,0
s5639,46
s5639,52
s5640,0
s5642,3
s5642,75
s5642,52
s5642,83
s5643,0
s5644,0
s5645,10
s5646,0
s5647,0
s5648,7
s5649,0
s5650,8
s5650,44
s5652,7
s5653,16
s5657,16
s5658,0
s5660,8
s5660,42
s5660,12
s5661,0
s5662,0
s5664,0
s5665,4
s5667,3
s5675,3
s5677,33
s5677,4
s5677,8
s5679,16
s5680,0
s5682,0
s5683,0
s5683,45
s5686,0
s5688,0
s5689,0
s5690,0
s5692,8
s5694,10
s5694,0
s5695,0
s5697,7
s5698,0
s5699,73
s5702,7
s5703,0
s5705,0
s5706,7
s5707,16
s5709,0
s5710,0
s5711,7
s5712,16
s5713,0
s5714,0
s5715,8
s5715,52
s5718,4
s5719,7
s5720,0
s5722,0
s5725,0
s5727,3
s5734,0
s5736,14
s5737,10
s5738,10
s5738,0
s5739,3
s5739,4
s5739,10
s5740,8
s5741,8
s5741,44
s5743,8
s5744,14
s5746,0
s5747,8
s5748,12
s5749,12
s5750,12
s5751,8
s5755,0
s5756,0
s5757,0
s5759,0
s5761,58
s5761,11
s5762,0
s5765,23
s5766,24
s5768,7
s5771,60
s5771,0
s5771,8
s5773,14
s5774,0
s5774,10
s5775,0
s5777,38
s5779,7
s5780,0
s5781,17
s5785,0
s5793,10
s5793,0
s5794,0
s5797,0
s5809,0
s5810,0
s5811,0
s5816,0
s5817,0
s5818,0
s5819,0
s5820,0
s5821,0
s5825,0
s5827,3
s5829,0
s5831,0
s5832,0
s5833,10
s5834,7
s5834,3
s5835,12
s5836,0
s5838,7
s5840,16
s5841,0
s5842,9
s5842,21
s5843,0
s5847,0
s5848,0
s5849,10
s5849,3
s5849,0
s5852,44
s5852,8
s5852,38
s5853,0
s5858,0
s5859,10
s5860,3
s5861,3
s5862,0
s5865,9
s5865,0
s5866,0
s5869,0
s5873,16
s5874,21
s5874,9
s5875,21
s5875,9
s5876,0
s5877,0
s5879,0
s5880,0
s5881,10
s5882,0
s5884,0
s5885,0
s5887,0
s5888,0
s5889,0
s5890,0
s5891,0
s5892,0
s5893,0
s5895,0
s5897,0
s5898,0
s5899,0
s5900,0
s5902,0
s5904,0
s5905,0
s5906,0
s5908,0
s5910,16
s5912,0
s5913,0
s5914,0
s5916,0
s5917,0
s5918,0
s5922,0
s5925,0
s5928,0
s5929,0
s5931,0
s5931,89
s5931,90
s5932,0
s5935,0
s5936,3
s5936,40
s5936,0
s5937,0
s5938,0
s5939,0
s5942,0
s5943,0
s5944,0
s5945,0
s5946,0
s5947,0
s5948,0
s5949,0
s5950,0
s5951,0
s5952,0
s5953,0
s5954,0
s5954,8
s5954,3
s5955,14
s5955,16
s5955,8
s5956,0
s5957,50
s5958,0
s5959,0
s5960,0
s5961,0
s5962,7
s5963,7
s5964,13
s5966,65
s5966,66
s5966,0
s5967,7
s5969,7
s5970,7
s5971,7
s5974,10
s5976,66
s5977,55
s5978,0
s5980,0
s5981,0
s5982,0
s5982,11
s5986,0
s5988,0
s5989,0
s5991,21
s5991,9
s5991,39
s5992,0
s5993,0
s5993,4
s5994,0
s5995,0
s5996,0
s5997,0
s5999,3
s6000,0
s6001,0
s6003,0
s6004,11
s6004,9
s6004,0
s6005,19
s6006,3
s6007,0
s6009,0
s6010,36
s6012,40
s6013,0
s6014,50
s6014,8
s6014,32
s6015,0
s6016,0
s6018,0
s6019,0
s6020,0
s6021,36
s6022,23
s6022,3
s6023,7
s6024,0
s6025,7
s6026,79
s6028,0
s6028,9
s6029,7
s6030,0
s6031,0
s6031,3
s6032,3
s6032,0
s6033,0
s6034,38
s6034,50
s6034,11
s6035,10
s6035,0
s6036,7
s6037,0
s6040,0
s6041,0
s6042,0
s6043,0
s6047,49
s6047,0
s6050,0
s6051,38
s6052,3
s6053,0
s6054,0
s6055,10
s6056,7
s6057,83
s6057,8
s6058,0
s6058,3
s6058,8
s6059,0
s6060,33
s6060,0
s6061,0
s6062,0
s6063,0
s6064,7
s6066,0
s6069,10
s6070,0
s6071,55
s6072,7
s6073,7
s6074,7
s6075,7
s6076,7
s6077,7
s6079,7
s6080,42
s6081,0
s6082,3
s6082,0
s6082,8
s6082,4
s6083,19
s6084,16
s6085,10
s6086,0
s6086,3
s6087,0
s6088,55
s6088,0
s6089,10
s6091,8
s6092,15
s6092,8
s6093,7
s6094,10
s6094,0
s6098,0
s6099,0
s6099,60
s6100,3
s6104,7
s6105,0
s6107,7
s6108,7
s6110,0
s6110,29
s6111,14
s6112,0
s6113,0
s6114,0
s6116,0
s6117,58
s6117,3
s6117,0
s6118,14
s6118,17
s6119,0
s6120,0
s6121,0
s6122,3
s6123,3
s6123,8
s6123,4
s6124,0
s6124,4
s6124,10
s6125,0
s6126,0
s6126,7
s6129,0
s6130,3
s6131,7
s6132,40
s6134,0
s6135,0
s6136,0
s6139,0
s6141,0
s6142,10
s6143,10
s6143,69
s6144,0
s6145,3
s6145,0
s6146,0
s6148,0
s6148,10
s6149,0
s6150,3
s6152,0
s6153,0
s6154,0
s6155,0
s6156,40
s6158,0
s6159,40
s6160,7
s6161,14
s6163,0
s6164,0
s6165,0
s6166,7
s6166,4
s6169,7
s6170,0
s6171,24
s6171,38
s6171,0
s6171,26
s6171,54
s6171,4
s6172,0
s6173,40
s6176,0
s6177,7
s6180,0
s6181,0
s6181,10
s6182,8
s6182,10
s6182,44
s6183,0
s6184,40
s6185,36
s6186,0
s6187,3
s6187,0
s6188,0
s6189,0
s6190,0
s6191,42
s6192,0
s6193,10
s6194,0
s6194,10
s6196,3
s6197,60
s6198,3
s6200,29
s6200,0
s6200,14
s6200,10
s6201,0
s6202,51
s6202,38
s6203,7
s6204,7
s6205,55
s6206,8
s6206,0
s6206,16
s6208,24
s6209,10
s6210,0
s6211,15
s6211,3
s6211,49
s6211,10
s6212,0
s6213,0
s6215,39
s6215,0
s6216,0
s6216,10
s6218,7
s6219,0
s6221,0
s6222,0
s6223,0
s6224,79
s6225,55
s6226,0
s6227,0
s6228,35
s6230,35
s6231,35
s6232,14
s6233,7
s6235,0
s6236,0
s6237,0
s6238,0
s6239,0
s6240,0
s6241,0
s6241,10
s6242,0
s6242,10
s6243,0
s6244,0
s6245,0
s6246,60
s6247,7
s6248,0
s6249,0
s6249,8
s6252,0
s6255,7
s6256,7
s6257,0
s6257,15
s6258,0
s6261,3
s6261,0
s6267,0
s6268,0
s6269,36
s6270,40
s6271,3
s6271,58
s6272,0
s6273,0
s6275,0
s6278,7
s6279,3
s6281,10
s6283,0
s6284,0
s6285,0
s6286,55
s6289,0
s6290,7
s6291,40
s6293,0
s6293,7
s6294,7
s6294,83
s6297,7
s6299,7
s6300,7
s6301,7
s6303,0
s6304,0
s6306,0
s6306,4
s6307,0
s6308,50
s6309,0
s6310,3
s6311,0
s6312,3
s6312,8
s6313,0
s6314,7
s6315,7
s6316,10
s6317,0
s6318,43
s6320,14
s6321,7
s6322,0
s6323,0
s6323,3
s6326,0
s6327,0
s6328,0
s6329,19
s6329,14
s6331,0
s6332,0
s6333,0
s6334,15
s6334,0
s6335,8
s6337,8
s6338,0
s6339,8
s6339,44
s6339,14
s6340,0
s6341,0
s6343,0
s6343,8
s6344,4
s6344,0
s6345,0
s6347,0
s6349,10
s6350,50
s6350,51
s6350,33
s6350,0
s6351,7
s6352,3
s6354,0
s6354,66
s6355,0
s6356,0
s6357,38
s6359,0
s6360,7
s6363,0
s6364,3
s6364,56
s6366,10
s6366,0
s6367,24
s6368,0
s6370,0
s6371,0
s6372,0
s6372,33
s6372,17
s6372,11
s6373,0
s6375,7
s6376,15
s6377,0
s6378,0
s6380,0
s6381,9
s6383,10
s6384,10
s6385,10
s6387,36
s6387,39
s6389,0
s6391,0
s6393,42
s6393,12
s6395,0
s6396,0
s6397,44
s6397,8
s6398,0
s6400,36
s6401,19
s6403,3
s6403,79
s6404,7
s6409,16
s6409,0
s6410,0
s6411,0
s6413,0
s6415,0
s6416,0
s6416,3
s6419,7
s6420,58
s6422,48
s6423,3
s6423,0
s6423,15
s6424,0
s6425,0
s6426,0
s6426,16
s6428,3
s6428,6
s6428,0
s6428,4
s6428,91
s6429,21
s6430,21
s6432,0
s6434,0
s6434,15
s6436,65
s6437,7
s6438,0
s6439,7
s6440,7
s6441,7
s6442,79
s6443,4
s6443,92
s6444,0
s6445,36
s6446,0
s6446,51
s6447,3
s6447,0
s6448,0
s6449,0
s6450,7
s6451,0
s6453,21
s6453,9
s6454,0
s6455,7
s6455,8
s6459,0
s6465,7
s6466,7
s6467,0
s6468,13
s6469,0
s6471,9
s6473,0
s6473,7
s6473,62
s6474,3
s6474,0
s6475,0
s6475,10
s6475,8
s6476,0
s6477,0
s6479,10
s6479,0
s6480,0
s6481,0
s6482,0
s6483,19
s6485,79
s6486,7
s6487,0
s6489,24
s6489,8
s6489,4
s6490,3
s6492,0
s6493,0
s6493,3
s6493,15
s6494,0
s6495,0
s6497,0
s6498,0
s6500,0
s6501,3
s6501,0
s6502,4
s6502,0
s6502,21
s6502,39
s6503,8
s6503,4
s6503,27
s6504,0
s6511,0
s6511,4
s6512,0
s6513,7
s6516,7
s6517,4
s6517,8
s6517,69
s6517,3
s6517,0
s6518,7
s6519,10
s6519,0
s6519,3
s6523,7
s6524,3
s6524,10
s6524,17
s6527,0
s6528,43
s6529,58
s6530,55
s6531,7
s6534,0
s6535,10
s6537,0
s6538,10
s6540,0
s6541,0
s6541,4
s6542,7
s6544,28
s6544,21
s6544,0
s6544,9
s6545,0
s6546,0
s6547,7
s6548,55
s6549,0
s6551,0
s6552,0
s6553,19
s6554,7
s6555,0
s6555,7
s6556,0
s6558,4
s6558,15
s6559,4
s6562,0
s6563,0
s6565,7
s6566,3
s6566,32
s6566,0
s6567,0
s6567,3
s6567,8
s6568,7
s6570,7
s6571,3
s6571,0
s6574,0
s6575,38
s6576,0
s6577,3
s6578,7
s6579,0
s6580,0
s6581,7
s6582,0
s6583,10
s6584,0
s6585,0
s6586,3
s6589,7
s6590,0
s6591,0
s6593,0
s6594,0
s6596,0
s6597,40
s6598,3
s6598,11
s6599,0
s6600,80
s6600,51
s6600,65
s6600,93
s6600,4
s6601,10
s6603,7
s6605,7
s6606,9
s6606,21
s6607,3
s6609,8
s6609,44
s6610,3
s6610,0
s6611,7
s6613,0
s6615,21
s6616,0
s6617,0
s6618,11
s6618,0
s6618,23
s6618,10
s6620,0
s6620,17
s6620,3
s6620,94
s6621,0
s6622,0
s6623,0
s6624,50
s6624,8
s6624,44
s6624,17
s6624,38
s6624,0
s6624,3
s6625,0
s6626,0
s6627,0
s6627,15
s6627,16
s6628,8
s6629,8
s6630,8
s6631,3
s6632,3
s6633,0
s6634,0
s6635,3
s6635,6
s6635,4
s6635,0
s6637,21
s6638,0
s6640,0
s6641,8
s6641,9
s6641,12
s6641,0
s6642,0
s6643,0
s6644,0
s6645,0
s6648,0
s6650,4
s6650,44
s6654,79
s6654,65
s6654,0
s6655,7
s6656,0
s6657,3
s6658,0
s6662,0
s6663,0
s6665,0
s6666,0
s6667,7
s6668,7
s6669,7
s6670,7
s6671,0
s6671,10
s6671,44
s6671,3
s6676,20
s6681,38
s6683,0
s6684,8
s6687,3
s6688,0
s6689,36
s6690,15
s6693,0
s6695,7
s6697,0
s6699,10
s6699,14
s6699,8
s6700,0
s6701,10
s6702,21
s6702,0
s6703,0
s6703,36
s6704,0
s6705,32
s6706,19
s6707,16
s6709,17
s6711,0
s6712,3
s6712,0
s6713,0
s6714,14
s6714,8
s6714,17
s6716,0
s6717,3
s6720,0
s6722,0
s6723,0
s6724,0
s6726,55
s6727,55
s6728,55
s6730,0
s6731,0
s6734,7
s6735,0
s6736,0
s6737,4
s6739,0
s6740,7
s6741,40
s6743,3
s6744,0
s6746,0
s6747,0
s6748,13
s6749,3
s6750,0
s6752,0
s6753,36
s6754,0
s6755,0
s6755,10
s6756,0
s6756,4
s6757,17
s6757,8
s6758,7
s6759,0
s6760,3
s6760,10
s6760,0
s6761,3
s6763,0
s6766,21
s6768,10
s6768,0
s6769,40
s6770,0
s6772,21
s6773,49
s6773,0
s6773,3
s6777,0
s6779,16
s6780,3
s6781,0
s6782,0
s6784,3
s6785,0
s6791,4
s6791,0
s6793,3
s6794,0
s6794,4
s6795,0
s6795,24
s6797,0
s6798,0
s6799,0
s6799,8
s6799,16
s6800,0
s6800,95
s6801,40
s6802,0
s6803,0
s6805,0
s6806,4
s6808,40
s6809,8
s6809,3
s6809,0
s6810,0
s6811,3
s6811,0
s6811,14
s6811,4
s6811,25
s6811,10
s6814,0
s6815,10
s6815,0
s6817,43
s6818,0
s6818,3
s6819,0
s6820,24
s6820,8
s6822,56
s6824,36
s6827,0
s6827,17
s6829,36
s6830,36
s6831,12
s6831,0
s6832,7
s6833,7
s6838,0
s6838,15
s6839,17
s6839,10
s6839,8
s6840,0
s6841,3
s6841,0
s6843,0
s6844,0
s6845,7
s6846,35
s6846,0
s6847,12
s6848,0
s6848,15
s6849,12
s6851,12
s6852,7
s6853,36
s6854,0
s6855,3
s6855,50
s6855,10
s6855,96
s6856,48
s6859,0
s6860,0
s6861,9
s6861,21
s6862,0
s6863,0
s6864,3
s6865,7
s6867,3
s6867,0
s6868,0
s6870,15
s6871,7
s6873,0
s6874,55
s6875,0
s6876,0
s6877,0
s6878,40
s6879,0
s6879,8
s6879,3
s6879,12
s6880,0
s6880,3
s6880,50
s6880,51
s6881,0
s6882,0
s6883,0
s6883,10
s6884,0
s6884,3
s6885,0
s6885,3
s6885,17
s6887,0
s6887,8
s6887,10
s6887,14
s6888,7
s6889,4
s6889,0
s6892,7
s6893,0
s6894,0
s6897,0
s6898,13
s6903,3
s6904,60
s6905,55
s6906,55
s6909,55
s6910,0
s6910,3
s6910,10
s6911,0
s6911,12
s6912,0
s6913,7
s6914,0
s6915,40
s6916,0
s6917,0
s6919,3
s6921,0
s6922,16
s6925,3
s6926,56
s6926,0
s6926,9
s6928,0
s6929,0
s6929,10
s6929,4
s6930,0
s6932,0
s6932,10
s6934,0
s6935,0
s6937,7
s6940,0
s6941,15
s6943,0
s6944,58
s6944,0
s6945,0
s6945,49
s6946,0
s6947,0
s6948,15
s6949,0
s6950,0
s6951,0
s6953,0
s6953,9
s6955,0
s6957,0
s6958,0
s6959,0
s6960,0
s6961,7
s6962,0
s6963,21
s6963,9
s6965,0
s6967,7
s6968,9
s6973,3
s6974,7
s6974,0
s6976,7
s6978,0
s6981,79
s6983,55
s6984,15
s6985,0
s6985,58
s6987,35
s6988,35
s6989,7
s6991,0
s6992,0
s6993,0
s6994,7
s6995,0
s6996,0
s6996,11
s6998,0
s6998,10
s7000,7
s7003,0
s7004,0
s7005,3
s7006,0
s7009,0
s7010,0
s7010,10
s7011,0
s7011,10
s7012,97
s7012,96
s7012,4
s7012,6
s7012,52
s7013,0
s7013,3
s7014,0
s7015,16
s7015,0
s7016,0
s7019,0
s7021,7
s7022,0
s7023,7
s7024,7
s7026,3
s7027,10
s7028,0
s7028,14
s7028,4
s7031,0
s7032,0
s7033,0
s7035,19
s7036,7
s7036,12
s7037,3
s7038,0
s7039,0
s7041,9
s7043,3
s7044,0
s7045,0
s7047,35
s7048,3
s7048,8
s7048,44
s7049,0
s7050,0
s7052,10
s7052,58
s7052,0
s7053,9
s7053,21
s7054,7
s7056,0
s7056,8
s7057,0
s7058,0
s7058,4
s7059,8
s7061,0
s7062,3
s7062,0
s7062,98
s7063,55
s7064,67
s7064,0
s7065,7
s7066,3
s7066,0
s7068,0
s7069,7
s7071,0
s7072,0
s7073,0
s7074,0
s7075,0
s7076,0
s7078,4
s7078,0
s7079,4
s7079,3
s7079,0
s7080,7
s7085,16
s7087,0
s7088,10
s7089,12
s7090,12
s7091,12
s7092,0
s7094,11
s7094,4
s7094,38
s7094,8
s7095,7
s7096,7
s7097,0
s7098,0
s7100,7
s7103,7
s7104,0
s7106,14
s7107,40
s7108,0
s7110,7
s7111,8
s7111,44
s7113,0
s7113,58
s7114,0
s7115,43
s7116,7
s7118,7
s7119,7
s7120,79
s7122,0
s7123,32
s7125,0
s7127,0
s7128,58
s7128,0
s7128,8
s7129,0
s7131,0
s7133,0
s7137,0
s7138,7
s7140,0
s7141,3
s7142,7
s7145,7
s7146,0
s7148,0
s7150,0
s7151,0
s7152,0
s7152,15
s7153,4
s7153,0
s7153,10
s7154,21
s7155,0
s7157,3
s7157,4
s7157,10
s7157,0
s7159,7
s7160,7
s7161,7
s7162,7
s7163,7
s7164,7
s7165,0
s7165,8
s7165,10
s7165,46
s7165,52
s7166,7
s7167,3
s7168,7
s7170,7
s7171,0
s7172,7
s7173,0
s7174,7
s7175,7
s7176,0
s7179,0
s7180,0
s7181,0
s7182,0
s7184,7
s7187,7
s7189,7
s7190,7
s7191,7
s7192,0
s7193,0
s7194,0
s7195,48
s7196,38
s7196,44
s7196,3
s7196,0
s7198,0
s7198,12
s7199,0
s7200,3
s7201,8
s7202,0
s7203,0
s7204,0
s7205,0
s7206,45
s7207,3
s7208,0
s7209,0
s7209,10
s7211,0
s7212,8
s7212,44
s7212,9
s7212,0
s7213,7
s7214,0
s7217,41
s7219,0
s7219,60
s7219,33
s7220,0
s7221,0
s7221,3
s7221,15
s7222,3
s7224,3
s7224,65
s7224,50
s7224,4
s7224,51
s7225,7
s7226,65
s7226,50
s7226,51
s7231,7
s7235,0
s7237,0
s7238,0
s7239,7
s7240,21
s7240,9
s7240,0
s7241,16
s7241,0
s7242,0
s7243,9
s7243,7
s7243,22
s7245,3
s7247,55
s7248,7
s7249,0
s7250,7
s7251,19
s7253,0
s7254,17
s7259,26
s7259,16
s7259,0
s7260,7
s7261,35
s7262,21
s7263,0
s7266,7
s7268,0
s7268,16
s7270,0
s7271,3
s7271,42
s7272,0
s7272,8
s7273,8
s7275,0
s7275,58
s7276,0
s7277,0
s7278,0
s7281,7
s7282,0
s7282,10
s7283,0
s7283,15
s7284,9
s7285,21
s7287,0
s7289,50
s7293,0
s7293,17
s7295,0
s7296,55
s7297,0
s7299,0
s7303,10
s7304,21
s7305,0
s7306,16
s7307,0
s7309,0
s7309,7
s7310,40
s7312,21
s7314,15
s7315,15
s7316,0
s7316,25
s7316,24
s7317,0
s7321,0
s7323,0
s7324,0
s7327,3
s7328,3
s7328,0
s7329,8
s7329,0
s7330,16
s7331,0
s7333,3
s7333,0
s7334,3
s7335,10
s7336,21
s7337,4
s7338,7
s7345,0
s7346,21
s7347,7
s7348,21
s7351,0
s7352,40
s7353,36
s7355,4
s7355,3
s7357,0
s7358,21
s7359,19
s7361,7
s7362,7
s7363,19
s7363,60
s7363,73
s7364,7
s7365,7
s7365,8
s7366,0
s7367,7
s7368,15
s7368,0
s7370,0
s7371,0
s7372,21
s7373,7
s7374,0
s7375,60
s7376,17
s7378,8
s7378,44
s7379,8
s7380,65
s7381,7
s7385,21
s7387,7
s7388,7
s7389,7
s7390,0
s7391,0
s7391,9
s7391,21
s7392,3
s7392,8
s7394,7
s7395,7
s7396,0
s7397,0
s7398,0
s7399,3
s7400,3
s7401,7
s7402,7
s7403,3
s7404,10
s7404,0
s7408,7
s7410,0
s7411,21
s7411,9
s7412,0
s7413,0
s7416,0
s7417,12
s7418,0
s7418,3
s7420,7
s7421,42
s7422,19
s7423,7
s7424,0
s7425,21
s7426,40
s7427,0
s7429,7
s7430,16
s7431,10
s7432,0
s7433,10
s7434,32
s7434,99
s7438,7
s7440,0
s7441,42
s7443,0
s7444,0
s7445,10
s7445,14
s7446,36
s7449,13
s7451,7
s7452,3
s7453,0
s7453,61
s7455,0
s7455,25
s7457,0
s7459,7
s7461,10
s7461,0
s7462,0
s7462,10
s7463,7
s7465,12
s7466,65
s7466,3
s7466,8
s7466,58
s7467,0
s7470,0
s7471,0
s7473,3
s7473,32
s7474,41
s7475,0
s7476,7
s7477,0
s7478,0
s7479,13
s7480,9
s7480,10
s7480,0
s7482,0
s7483,0
s7483,14
s7485,0
s7487,10
s7488,40
s7489,4
s7489,3
s7490,0
s7491,0
s7492,0
s7493,0
s7494,0
s7495,0
s7496,0
s7497,0
s7498,0
s7500,0
s7501,0
s7502,0
s7504,0
s7504,4
s7507,3
s7507,0
s7508,0
s7509,8
s7509,44
s7510,79
s7510,0
s7511,4
s7511,0
s7513,7
s7514,7
s7516,0
s7517,0
s7518,0
s7519,33
s7519,51
s7519,4
s7519,38
s7520,21
s7521,0
s7523,40
s7524,0
s7525,7
s7526,8
s7527,0
s7528,0
s7531,0
s7532,10
s7533,7
s7534,0
s7535,40
s7536,0
s7537,10
s7540,27
s7540,8
s7542,0
s7542,10
s7543,0
s7543,10
s7545,21
s7546,3
s7547,0
s7549,35
s7550,3
s7550,0
s7553,7
s7554,0
s7554,16
s7556,58
s7558,7
s7559,0
s7560,12
s7561,0
s7564,0
s7565,0
s7566,7
s7567,0
s7568,0
s7578,60
s7578,19
s7578,8
s7578,14
s7578,0
s7579,0
s7580,0
s7582,0
s7583,7
s7584,0
s7585,0
s7586,0
s7588,0
s7588,15
s7591,7
s7592,60
s7593,0
s7595,0
s7596,7
s7596,0
s7597,0
s7597,7
s7597,42
s7597,9
s7601,0
s7602,0
s7603,0
s7604,0
s7605,0
s7606,0
s7608,0
s7609,0
s7612,0
s7613,0
s7614,0
s7615,0
s7616,0
s7619,0
s7620,0
s7621,0
s7622,0
s7623,3
s7623,10
s7631,50
s7631,4
s7631,44
s7631,3
s7631,8
s7632,50
s7632,4
s7632,44
s7632,3
s7632,8
s7632,51
s7634,3
s7635,0
s7636,8
s7636,27
s7636,14
s7636,0
s7636,49
s7637,15
s7638,0
s7639,0
s7640,0
s7642,14
s7643,0
s7644,35
s7645,35
s7649,0
s7651,40
s7652,21
s7653,24
s7653,7
s7653,9
s7653,0
s7654,7
s7655,0
s7656,0
s7657,0
s7659,3
s7660,17
s7660,0
s7661,35
s7662,0
s7664,0
s7666,7
s7668,50
s7668,8
s7668,0
s7668,51
s7669,15
s7669,100
s7670,0
s7671,42
s7673,9
s7673,21
s7677,9
s7677,87
s7677,21
s7678,0
s7679,21
s7681,7
s7682,15
s7682,49
s7683,7
s7684,3
s7685,10
s7685,0
s7685,4
s7687,3
s7688,3
s7688,35
s7689,7
s7691,0
s7692,7
s7695,35
s7696,0
s7697,0
s7698,21
s7701,14
s7702,0
s7703,7
s7704,10
s7705,0
s7707,7
s7708,7
s7712,0
s7713,7
s7715,0
s7716,55
s7717,0
s7718,7
s7720,7
s7721,35
s7723,0
s7724,41
s7725,3
s7725,0
s7727,0
s7727,14
s7728,10
s7729,0
s7731,8
s7731,4
s7731,6
s7731,44
s7732,0
s7733,0
s7733,15
s7735,8
s7735,44
s7736,0
s7737,7
s7738,35
s7739,13
s7740,7
s7742,0
s7743,7
s7745,7
s7746,19
s7747,8
s7749,3
s7750,0
s7751,8
s7751,44
s7752,0
s7752,3
s7753,0
s7755,27
s7755,101
s7755,17
s7755,4
s7755,8
s7756,0
s7758,63
s7758,8
s7758,32
s7758,0
s7759,3
s7779,0
s7789,0
s7790,7
s7790,27
s7792,7
s7793,0
s7794,0
s7795,21
s7797,0
s7798,0
s7800,10
s7802,7
s7803,0
s7804,10
s7804,7
s7805,3
s7806,7
s7810,3
s7810,0
s7812,0
s7812,87
s7815,0
s7817,0
s7818,0
s7820,7
s7821,0
s7822,7
s7824,9
s7825,7
s7826,7
s7827,0
s7828,7
s7830,39
s7830,12
s7830,8
s7831,7
s7832,42
s7833,7
s7834,79
s7837,40
s7838,7
s7840,0
s7842,10
s7844,15
s7845,0
s7846,7
s7847,3
s7850,40
s7852,0
s7853,41
s7854,10
s7854,16
s7854,4
s7854,11
s7855,0
s7856,3
s7856,0
s7856,10
s7858,4
s7858,8
s7858,0
s7858,10
s7858,3
s7859,0
s7860,0
s7861,21
s7862,7
s7864,21
s7864,0
s7865,3
s7866,0
s7866,3
s7867,16
s7869,0
s7870,7
s7872,7
s7874,7
s7875,7
s7876,13
s7877,17
s7878,3
s7880,0
s7881,0
s7882,0
s7883,0
s7884,0
s7885,0
s7886,40
s7889,7
s7889,10
s7890,58
s7890,10
s7890,3
s7890,0
s7891,10
s7892,3
s7892,4
s7895,0
s7896,0
s7897,0
s7899,7
s7900,16
s7901,21
s7902,0
s7902,4
s7902,15
s7903,7
s7904,0
s7905,0
s7906,0
s7908,0
s7910,0
s7911,7
s7913,0
s7914,7
s7916,55
s7917,10
s7918,7
s7919,79
s7920,7
s7921,0
s7922,7
s7923,7
s7924,7
s7925,40
s7926,7
s7927,7
s7928,40
s7929,11
s7929,0
s7932,7
s7933,7
s7934,0
s7935,15
s7935,8
s7935,58
s7936,8
s7937,10
s7938,15
s7938,7
s7939,7
s7940,7
s7941,7
s7942,0
s7944,7
s7945,7
s7946,0
s7947,0
s7948,40
s7950,0
s7950,3
s7950,15
s7951,0
s7952,0
s7953,0
s7955,17
s7955,8
s7956,0
s7957,0
s7958,0
s7959,0
s7960,0
s7961,0
s7961,3
s7961,10
s7961,12
s7962,0
s7963,0
s7964,0
s7965,0
s7966,51
s7966,3
s7966,80
s7967,0
s7968,21
s7968,28
s7970,0
s7970,3
s7970,14
s7970,42
s7971,0
s7972,0
s7973,0
s7974,3
s7975,0
s7976,3
s7977,0
s7978,3
s7979,3
s7980,0
s7980,3
s7981,55
s7982,3
s7982,8
s7982,0
s7984,77
s7986,0
s7987,0
s7988,0
s7989,3
s7989,8
s7990,16
s7991,0
s7993,7
s7995,7
s7996,7
s7997,7
s7998,21
s7999,0
s8000,7
s8002,0
s8004,0
s8004,4
s8004,3
s8004,15
s8005,7
s8006,0
s8007,15
s8008,15
s8009,7
s8010,0
s8011,0
s8011,49
s8012,3
s8012,0
s8013,7
s8013,0
s8014,35
s8015,17
s8015,8
s8015,27
s8017,7
s8018,0
s8019,10
s8019,8
s8019,0
s8024,7
s8025,36
s8026,27
s8026,0
s8027,73
s8028,0
s8029,0
s8030,35
s8030,10
s8030,0
s8033,9
s8033,21
s8033,0
s8034,9
s8034,21
s8036,0
s8037,0
s8038,0
s8039,0
s8040,0
s8042,3
s8042,23
s8043,0
s8044,0
s8046,0
s8047,0
s8048,7
s8050,36
s8051,16
s8052,0
s8053,0
s8054,6
s8054,3
s8054,8
s8055,0
s8056,0
s8057,15
s8057,3
s8057,10
s8060,0
s8061,0
s8064,0
s8066,0
s8068,0
s8069,0
s8070,3
s8072,0
s8073,0
s8073,8
s8074,102
s8074,0
s8075,0
s8076,0
s8077,0
s8078,14
s8079,0
s8080,0
s8081,10
s8083,0
s8085,3
s8087,0
s8088,0
s8089,40
s8090,0
s8091,7
s8092,35
s8093,0
s8096,0
s8099,7
s8100,0
s8101,10
s8102,0
s8102,3
s8104,15
s8104,3
s8106,0
s8107,0
s8109,24
s8111,0
s8112,0
s8113,17
s8113,8
s8114,35
s8115,7
s8116,33
s8117,3
s8117,8
s8117,10
s8117,44
s8117,0
s8119,0
s8120,50
s8120,3
s8120,51
s8121,7
s8121,8
s8123,7
s8124,0
s8125,7
s8127,0
s8128,0
s8129,0
s8131,0
s8132,36
s8134,0
s8135,0
s8137,7
s8139,0
s8139,3
s8140,0
s8140,10
s8141,0
s8141,51
s8142,9
s8142,21
s8143,21
s8145,7
s8146,7
s8147,0
s8147,4
s8150,7
s8151,8
s8152,0
s8153,0
s8154,40
s8155,0
s8157,7
s8158,0
s8159,21
s8159,0
s8160,0
s8160,21
s8162,7
s8164,19
s8164,8
s8164,0
s8164,4
s8164,52
s8165,21
s8167,0
s8167,4
s8167,3
s8168,0
s8168,4
s8168,3
s8168,17
s8169,8
s8170,0
s8171,7
s8172,3
s8172,7
s8173,7
s8178,16
s8178,14
s8180,0
s8182,10
s8184,0
s8185,0
s8185,23
s8185,3
s8186,19
s8187,42
s8188,0
s8189,0
s8191,80
s8191,0
s8193,40
s8195,14
s8195,8
s8195,72
s8196,10
s8196,0
s8197,0
s8197,10
s8198,8
s8198,10
s8198,0
s8199,3
s8199,0
s8201,0
s8202,3
s8204,21
s8205,0
s8206,0
s8211,0
s8212,0
s8213,10
s8213,0
s8214,0
s8215,3
s8218,0
s8219,8
s8220,0
s8221,0
s8222,0
s8222,10
s8222,9
s8223,3
s8223,0
s8224,0
s8225,0
s8226,58
s8226,10
s8226,69
s8226,0
s8226,3
s8226,48
s8226,7
s8227,0
s8228,13
s8229,0
s8229,6
s8229,3
s8230,0
s8233,0
s8233,9
s8234,0
s8235,33
s8235,4
s8237,10
s8238,0
s8239,0
s8240,0
s8241,40
s8242,13
s8243,0
s8245,40
s8246,14
s8246,16
s8247,16
s8247,8
s8248,3
s8248,0
s8249,0
s8250,0
s8252,0
s8253,0
s8254,10
s8255,33
s8255,4
s8255,32
s8255,69
s8255,44
s8255,8
s8255,0
s8256,40
s8257,0
s8259,0
s8260,0
s8261,32
s8262,3
s8262,12
s8262,0
s8264,3
s8264,0
s8265,7
s8266,36
s8267,0
s8267,3
s8268,7
s8270,15
s8271,54
s8271,0
s8273,0
s8273,21
s8274,19
s8274,60
s8275,0
s8277,0
s8280,0
s8281,36
s8282,0
s8282,21
s8284,0
s8285,0
s8286,0
s8287,3
s8287,103
s8289,0
s8290,0
s8291,0
s8292,3
s8292,0
s8293,0
s8294,3
s8296,0
s8297,0
s8298,13
s8299,0
s8300,0
s8300,25
s8300,3
s8301,24
s8302,0
s8303,3
s8304,21
s8305,0
s8306,0
s8307,21
s8308,0
s8308,9
s8310,3
s8310,9
s8310,0
s8310,7
s8311,3
s8313,0
s8313,25
s8314,23
s8315,0
s8318,36
s8320,0
s8321,0
s8321,51
s8321,65
s8323,33
s8324,0
s8325,0
s8326,0
s8327,3
s8327,0
s8327,87
s8328,0
s8328,3
s8328,87
s8333,7
s8334,0
s8334,15
s8336,0
s8338,0
s8339,0
s8340,14
s8340,10
s8340,0
s8342,0
s8343,10
s8344,14
s8345,0
s8346,0
s8347,35
s8352,10
s8353,0
s8353,7
s8353,49
s8355,3
s8355,0
s8356,0
s8357,3
s8357,10
s8357,8
s8357,0
s8359,16
s8360,50
s8361,0
s8362,0
s8363,0
s8364,3
s8365,3
s8366,0
s8368,0
s8370,3
s8370,8
s8373,0
s8375,36
s8376,0
s8378,3
s8378,0
s8378,15
s8381,0
s8382,0
s8383,44
s8383,58
s8383,38
s8383,4
s8383,104
s8384,15
s8385,8
s8385,0
s8386,0
s8387,24
s8388,3
s8390,0
s8392,7
s8394,10
s8394,0
s8395,0
s8396,8
s8396,10
s8396,17
s8396,0
s8396,9
s8397,4
s8399,58
s8399,3
s8399,25
s8399,8
s8399,38
s8400,58
s8402,0
s8403,0
s8405,23
s8405,0
s8406,23
s8406,0
s8407,3
s8407,4
s8407,0
s8409,32
s8410,21
s8411,0
s8411,15
s8411,11
s8411,3
s8413,0
s8414,0
s8414,4
s8414,16
s8415,0
s8416,0
s8417,0
s8418,0
s8419,42
s8421,0
s8421,3
s8426,50
s8427,0
s8427,10
s8428,23
s8431,0
s8433,17
s8435,0
s8436,0
s8439,10
s8442,0
s8444,0
s8445,48
s8446,0
s8447,3
s8448,3
s8449,0
s8450,0
s8452,0
s8453,3
s8453,0
s8454,4
s8455,0
s8455,6
s8456,0
s8457,105
s8457,59
s8457,106
s8457,11
s8457,0
s8458,3
s8458,0
s8459,0
s8460,7
s8461,40
s8462,0
s8464,42
s8465,0
s8465,3
s8466,0
s8466,6
s8467,0
s8468,42
s8469,0
s8470,0
s8471,0
s8473,36
s8474,0
s8474,4
s8478,0
s8478,10
s8478,12
s8478,107
s8479,0
s8481,23
s8484,3
s8484,14
s8484,44
s8485,67
s8485,42
s8485,97
s8486,40
s8487,0
s8488,3
s8489,0
s8490,0
s8492,3
s8493,0
s8494,15
s8494,0
s8495,0
s8495,3
s8496,0
s8497,50
s8497,3
s8497,11
s8497,51
s8497,44
s8498,15
s8499,4
s8499,10
s8499,0
s8500,0
s8502,0
s8502,8
s8502,12
s8505,7
s8506,0
s8507,17
s8508,0
s8509,16
s8510,36
s8512,0
s8513,0
s8514,0
s8515,32
s8516,0
s8518,0
s8521,0
s8523,0
s8526,0
s8526,3
s8527,0
s8528,0
s8529,40
s8530,0
s8531,3
s8532,0
s8532,49
s8533,0
s8535,0
s8536,0
s8537,3
s8538,0
s8539,3
s8541,0
s8543,0
s8544,35
s8547,44
s8547,8
s8548,0
s8549,0
s8551,40
s8553,15
s8553,0
s8554,23
s8554,3
s8554,15
s8555,0
s8556,48
s8557,13
s8559,3
s8559,10
s8559,0
s8560,0
s8563,33
s8564,8
s8565,3
s8565,0
s8566,3
s8567,10
s8569,58
s8570,21
s8571,10
s8572,7
s8573,0
s8577,9
s8579,7
s8579,0
s8580,35
s8581,0
s8582,0
s8582,10
s8583,3
s8584,3
s8584,15
s8584,10
s8584,0
s8585,21
s8585,9
s8587,0
s8588,0
s8590,9
s8591,7
s8592,7
s8595,0
s8596,0
s8599,0
s8600,3
s8604,3
s8604,0
s8607,7
s8608,0
s8609,0
s8611,0
s8612,7
s8613,35
s8614,42
s8615,3
s8616,0
s8617,3
s8617,9
s8617,0
s8618,3
s8618,24
s8618,4
s8619,0
s8622,0
s8624,0
s8625,0
s8626,11
s8626,0
s8627,0
s8627,11
s8628,3
s8629,7
s8630,7
s8631,7
s8632,0
s8635,0
s8636,0
s8637,0
s8638,0
s8639,10
s8639,0
s8639,7
s8639,3
s8640,7
s8641,0
s8641,3
s8642,0
s8643,0
s8644,12
s8644,0
s8646,0
s8649,3
s8650,10
s8652,0
s8652,8
s8653,7
s8655,3
s8655,10
s8655,0
s8656,0
s8658,0
s8659,27
s8659,3
s8659,0
s8660,10
s8662,3
s8662,4
s8663,10
s8663,7
s8664,40
s8665,0
s8666,7
s8667,40
s8668,0
s8669,0
s8669,3
s8669,4
s8671,0
s8672,7
s8673,7
s8675,3
s8675,7
s8675,51
s8676,0
s8677,3
s8677,44
s8678,0
s8679,0
s8681,7
s8682,7
s8683,55
s8684,7
s8686,3
s8687,79
s8688,7
s8689,7
s8690,0
s8692,0
s8693,3
s8694,0
s8695,0
s8695,10
s8696,7
s8697,0
s8697,7
s8698,3
s8699,40
s8700,16
s8704,3
s8704,8
s8704,0
s8705,0
s8706,14
s8707,0
s8709,0
s8709,19
s8710,32
s8712,21
s8714,7
s8715,0
s8716,0
s8716,8
s8717,0
s8718,32
s8720,9
s8723,0
s8725,0
s8726,36
s8730,4
s8730,0
s8730,3
s8730,10
s8731,0
s8732,0
s8733,3
s8734,3
s8735,0
s8736,0
s8738,3
s8743,0
s8744,0
s8746,0
s8746,108
s8746,99
s8749,15
s8751,0
s8752,0
s8753,0
s8754,10
s8755,0
s8758,0
s8761,0
s8762,79
s8763,7
s8765,0
s8766,10
s8766,0
s8767,0
s8768,0
s8769,16
s8770,7
s8771,7
s8772,7
s8773,7
s8774,7
s8775,40
s8775,54
s8775,0
s8777,8
s8777,44
s8778,35
s8779,35
s8780,35
s8782,12
s8782,0
s8783,0
s8787,3
s8788,0
s8789,96
s8789,97
s8789,67
s8789,109
s8790,48
s8791,0
s8792,0
s8793,21
s8794,0
s8795,40
s8795,8
s8799,7
s8800,7
s8802,49
s8802,75
s8803,0
s8805,0
s8806,0
s8807,7
