show_id,director_id
s8,0
s9,1
s10,2
s13,3
s25,4
s28,5
s29,6
s30,7
s39,8
s42,9
s43,10
s44,11
s45,12
s47,13
s49,14
s52,15
s53,15
s54,15
s55,15
s57,16
s58,17
s59,16
s60,17
s61,16
s62,18
s63,19
s64,20
s74,21
s82,22
s85,23
s85,24
s91,25
s95,26
s97,27
s106,28
s108,29
s115,30
s116,31
s117,32
s119,33
s123,31
s127,34
s128,35
s130,36
s132,37
s134,38
s135,39
s136,40
s137,41
s138,42
s139,36
s140,43
s141,44
s142,45
s143,46
s144,47
s145,48
s146,49
s146,50
s147,51
s150,52
s151,53
s152,54
s152,55
s153,56
s156,57
s157,58
s158,59
s159,60
s160,61
s162,62
s163,48
s164,63
s165,64
s167,65
s168,66
s168,67
s169,68
s169,69
s170,70
s171,71
s172,72
s173,73
s174,74
s175,14
s176,75
s177,76
s178,77
s179,78
s179,79
s180,80
s183,81
s184,70
s189,82
s189,83
s191,84
s192,85
s193,86
s196,87
s199,21
s200,88
s201,89
s202,90
s202,91
s203,92
s204,93
s205,86
s206,94
s207,95
s208,96
s209,97
s210,97
s211,98
s212,99
s216,96
s217,100
s217,101
s218,97
s228,102
s229,103
s230,104
s232,105
s248,106
s252,107
s254,108
s260,109
s265,110
s268,31
s271,111
s274,112
s277,113
s279,114
s280,115
s282,116
s283,117
s285,118
s286,119
s293,120
s294,121
s296,122
s298,123
s298,124
s298,125
s298,126
s298,127
s298,128
s298,129
s298,130
s298,131
s299,132
s300,133
s301,134
s301,135
s302,136
s304,137
s305,138
s306,139
s307,140
s308,141
s309,142
s315,143
s316,144
s317,145
s326,146
s327,147
s328,148
s329,149
s330,9
s331,150
s331,151
s333,40
s334,152
s335,153
s336,154
s338,155
s341,156
s342,157
s343,158
s344,159
s345,159
s346,160
s347,161
s348,162
s349,163
s350,164
s351,165
s352,166
s353,167
s354,168
s355,169
s356,170
s357,171
s358,172
s359,173
s360,43
s361,174
s366,175
s375,176
s378,177
s381,178
s384,179
s390,180
s393,181
s394,182
s403,183
s411,184
s416,184
s427,185
s427,186
s430,187
s434,188
s437,189
s438,190
s440,191
s440,192
s440,193
s440,194
s440,195
s446,196
s447,197
s448,198
s449,198
s450,199
s451,200
s452,201
s453,202
s461,203
s461,204
s464,205
s464,206
s470,207
s475,208
s487,209
s487,210
s490,211
s492,212
s493,213
s495,214
s497,215
s503,216
s504,217
s507,218
s509,219
s519,220
s529,221
s529,222
s530,223
s532,224
s532,225
s532,226
s535,227
s542,228
s543,229
s552,230
s555,231
s556,232
s557,233
s558,234
s558,235
s559,236
s560,70
s562,237
s563,237
s564,237
s565,157
s567,238
s568,239
s569,158
s570,240
s573,241
s574,242
s574,243
s575,244
s576,245
s577,246
s579,247
s580,248
s582,249
s583,174
s584,250
s585,251
s586,252
s590,253
s592,254
s593,255
s594,256
s595,257
s596,258
s597,259
s598,260
s599,261
s600,262
s601,263
s602,264
s603,264
s604,264
s605,265
s606,266
s607,267
s608,268
s609,269
s610,270
s611,271
s612,272
s612,273
s613,274
s614,275
s615,276
s616,277
s619,278
s623,279
s631,280
s635,281
s636,282
s637,283
s644,284
s651,285
s652,286
s655,287
s656,287
s657,287
s677,288
s682,289
s686,290
s689,132
s695,291
s699,292
s702,293
s703,294
s706,295
s709,296
s712,297
s717,298
s719,299
s722,300
s723,301
s724,302
s727,303
s727,304
s729,305
s736,306
s737,307
s738,308
s740,309
s741,310
s742,311
s743,312
s743,313
s744,314
s746,315
s747,314
s748,316
s751,317
s753,318
s755,319
s757,320
s758,321
s759,322
s763,323
s765,324
s766,325
s767,326
s769,327
s771,328
s774,329
s775,330
s776,331
s777,332
s778,333
s778,334
s780,335
s783,336
s784,337
s785,338
s787,339
s788,340
s789,341
s791,342
s792,343
s793,344
s794,345
s795,346
s797,347
s798,348
s799,349
s800,165
s801,350
s802,351
s803,352
s804,353
s805,354
s809,339
s810,355
s811,266
s813,356
s815,357
s817,358
s818,359
s819,360
s820,165
s822,361
s823,362
s824,363
s825,364
s827,365
s829,366
s835,367
s837,368
s839,369
s840,291
s841,370
s847,371
s851,372
s854,373
s860,374
s864,375
s866,376
s867,377
s867,378
s871,379
s872,380
s873,381
s874,382
s878,383
s879,384
s880,385
s882,386
s883,387
s886,388
s888,389
s890,390
s892,391
s893,392
s895,393
s896,394
s900,395
s902,396
s904,397
s905,398
s906,399
s907,400
s910,401
s911,402
s914,403
s915,404
s916,405
s917,406
s918,407
s918,408
s923,409
s925,410
s927,411
s929,412
s931,355
s932,413
s933,414
s934,36
s935,415
s936,416
s936,417
s936,418
s943,165
s944,419
s945,420
s946,421
s947,422
s948,423
s949,424
s950,425
s951,426
s952,427
s953,428
s954,429
s955,430
s955,431
s956,432
s957,433
s960,434
s963,435
s967,436
s970,437
s971,438
s972,439
s974,440
s975,441
s977,442
s978,443
s979,444
s980,445
s980,446
s981,445
s982,447
s983,448
s984,449
s985,450
s986,451
s987,451
s989,452
s990,453
s991,444
s992,454
s995,132
s996,400
s996,447
s997,455
s1000,456
s1002,457
s1003,458
s1014,459
s1016,460
s1017,461
s1018,462
s1019,463
s1020,464
s1021,465
s1022,466
s1022,467
s1023,468
s1024,469
s1024,470
s1024,471
s1024,472
s1025,473
s1027,474
s1028,475
s1030,476
s1031,477
s1032,478
s1034,479
s1035,480
s1035,481
s1036,482
s1037,483
s1037,484
s1038,485
s1040,486
s1042,487
s1042,488
s1043,489
s1047,490
s1051,491
s1053,157
s1054,492
s1056,493
s1067,494
s1068,495
s1070,496
s1081,497
s1084,498
s1086,499
s1087,500
s1088,220
s1089,501
s1090,502
s1090,503
s1091,504
s1099,505
s1100,506
s1101,507
s1102,508
s1103,509
s1104,510
s1105,118
s1106,511
s1107,512
s1107,513
s1108,514
s1109,515
s1110,516
s1110,517
s1111,518
s1112,519
s1113,520
s1114,422
s1115,521
s1116,522
s1119,523
s1120,524
s1121,525
s1122,7
s1123,526
s1125,527
s1127,528
s1129,529
s1132,530
s1134,339
s1135,531
s1135,532
s1136,533
s1137,534
s1137,535
s1138,536
s1139,537
s1140,538
s1141,539
s1142,123
s1143,540
s1145,541
s1146,542
s1148,543
s1151,544
s1152,545
s1154,546
s1155,547
s1157,548
s1161,549
s1163,550
s1165,551
s1166,552
s1168,553
s1171,554
s1173,555
s1174,556
s1176,267
s1177,557
s1178,558
s1179,559
s1185,560
s1186,561
s1188,562
s1189,563
s1190,564
s1191,565
s1192,566
s1192,567
s1193,568
s1195,569
s1196,570
s1198,571
s1199,572
s1200,573
s1203,574
s1204,9
s1209,575
s1210,576
s1212,577
s1213,578
s1216,579
s1217,580
s1219,581
s1220,582
s1221,583
s1222,584
s1223,585
s1223,586
s1224,587
s1224,588
s1229,589
s1231,590
s1233,591
s1234,132
s1237,592
s1238,593
s1240,594
s1241,36
s1242,595
s1244,596
s1245,597
s1249,598
s1252,599
s1253,600
s1254,601
s1254,602
s1255,214
s1257,603
s1259,604
s1259,605
s1260,606
s1261,607
s1262,608
s1264,609
s1265,610
s1266,611
s1267,608
s1268,398
s1270,612
s1274,613
s1279,564
s1282,614
s1284,523
s1285,523
s1287,615
s1289,200
s1291,616
s1292,617
s1294,618
s1294,619
s1294,620
s1294,621
s1296,622
s1298,623
s1305,624
s1306,625
s1308,626
s1310,627
s1312,628
s1313,629
s1316,630
s1317,631
s1319,632
s1320,633
s1323,634
s1324,635
s1325,636
s1326,637
s1327,638
s1328,636
s1330,639
s1331,640
s1334,355
s1335,641
s1337,642
s1338,643
s1341,644
s1342,645
s1343,646
s1345,647
s1346,648
s1347,649
s1348,650
s1352,651
s1354,5
s1358,652
s1359,653
s1360,103
s1361,654
s1365,655
s1367,656
s1368,657
s1369,658
s1370,659
s1371,660
s1373,661
s1375,662
s1377,663
s1379,664
s1380,665
s1387,666
s1388,667
s1389,668
s1390,669
s1391,670
s1392,671
s1394,672
s1397,673
s1398,674
s1399,675
s1400,676
s1400,677
s1404,678
s1406,679
s1407,416
s1407,680
s1408,681
s1410,682
s1411,683
s1412,684
s1413,685
s1414,534
s1415,686
s1415,687
s1416,688
s1418,689
s1420,690
s1422,691
s1422,692
s1423,693
s1424,694
s1425,695
s1427,693
s1429,696
s1433,697
s1434,698
s1435,699
s1435,700
s1436,701
s1439,702
s1442,703
s1445,254
s1446,704
s1447,705
s1448,706
s1451,707
s1452,708
s1453,709
s1454,710
s1455,711
s1457,712
s1459,713
s1460,714
s1462,715
s1464,716
s1465,717
s1465,718
s1468,719
s1469,720
s1470,36
s1471,721
s1473,722
s1475,723
s1476,724
s1482,725
s1485,726
s1485,727
s1486,728
s1487,729
s1487,730
s1489,731
s1491,732
s1492,733
s1494,734
s1495,375
s1496,735
s1497,736
s1498,737
s1499,738
s1499,739
s1500,740
s1501,741
s1502,427
s1503,742
s1505,743
s1505,744
s1508,745
s1510,746
s1511,747
s1512,748
s1513,749
s1514,750
s1516,751
s1518,752
s1520,753
s1521,754
s1521,755
s1521,131
s1521,756
s1522,753
s1523,753
s1524,757
s1525,758
s1526,759
s1527,292
s1530,760
s1531,761
s1533,762
s1533,763
s1535,764
s1537,765
s1538,766
s1541,767
s1543,768
s1545,769
s1550,770
s1551,771
s1559,772
s1559,773
s1561,774
s1562,775
s1564,776
s1566,777
s1567,477
s1568,764
s1569,764
s1572,778
s1576,779
s1577,780
s1581,781
s1581,782
s1581,783
s1583,547
s1585,571
s1588,784
s1588,785
s1588,786
s1589,787
s1592,788
s1592,789
s1593,790
s1596,263
s1598,791
s1599,792
s1600,793
s1602,794
s1603,795
s1605,796
s1607,797
s1609,238
s1610,798
s1611,479
s1613,655
s1614,799
s1617,800
s1618,801
s1621,802
s1622,42
s1625,479
s1627,803
s1630,804
s1631,805
s1632,806
s1633,807
s1634,808
s1636,809
s1636,810
s1637,811
s1638,812
s1643,813
s1644,814
s1645,815
s1646,816
s1647,817
s1648,737
s1649,818
s1651,746
s1652,819
s1654,820
s1655,514
s1656,821
s1656,822
s1657,479
s1658,823
s1660,824
s1661,825
s1663,826
s1664,827
s1665,375
s1666,828
s1667,829
s1672,830
s1674,831
s1675,832
s1676,833
s1677,834
s1678,737
s1679,831
s1680,136
s1681,611
s1682,835
s1683,737
s1684,836
s1686,837
s1687,838
s1690,839
s1692,840
s1695,841
s1695,842
s1696,840
s1700,843
s1701,627
s1703,844
s1704,845
s1706,846
s1707,847
s1708,737
s1710,848
s1711,849
s1713,91
s1714,850
s1715,538
s1716,851
s1721,852
s1726,853
s1728,854
s1729,855
s1729,856
s1729,857
s1730,858
s1732,859
s1733,292
s1735,860
s1736,861
s1737,862
s1740,840
s1742,863
s1743,864
s1744,865
s1748,866
s1748,867
s1750,868
s1752,869
s1753,869
s1754,870
s1762,871
s1763,872
s1764,873
s1765,573
s1768,674
s1769,874
s1771,771
s1772,875
s1773,876
s1775,877
s1776,878
s1777,879
s1778,880
s1781,881
s1784,882
s1785,883
s1786,884
s1788,885
s1789,886
s1794,887
s1795,888
s1795,889
s1796,890
s1797,891
s1798,892
s1799,893
s1802,894
s1803,895
s1807,896
s1808,897
s1809,898
s1810,737
s1811,899
s1812,900
s1813,901
s1815,902
s1816,732
s1817,339
s1818,903
s1819,904
s1820,905
s1821,904
s1822,904
s1823,903
s1824,906
s1825,907
s1826,908
s1827,903
s1828,904
s1830,909
s1831,910
s1832,903
s1833,911
s1834,912
s1834,913
s1836,914
s1837,915
s1837,916
s1839,917
s1841,918
s1843,919
s1844,920
s1845,921
s1846,922
s1847,923
s1850,534
s1851,924
s1856,925
s1856,926
s1857,927
s1859,928
s1860,545
s1862,929
s1863,930
s1864,931
s1866,932
s1867,890
s1868,623
s1870,933
s1871,443
s1873,934
s1875,935
s1875,936
s1877,937
s1880,110
s1881,938
s1882,939
s1883,940
s1884,941
s1885,942
s1887,943
s1887,944
s1887,945
s1888,946
s1889,947
s1892,948
s1897,316
s1898,949
s1899,950
s1900,450
s1901,951
s1902,952
s1903,953
s1904,954
s1905,955
s1905,956
s1906,957
s1910,164
s1913,958
s1917,959
s1921,960
s1922,961
s1925,962
s1928,963
s1931,964
s1932,965
s1936,966
s1937,967
s1938,968
s1939,969
s1940,970
s1941,136
s1942,928
s1943,970
s1944,971
s1945,929
s1946,972
s1947,973
s1951,974
s1958,975
s1960,976
s1961,977
s1961,978
s1964,979
s1965,980
s1966,980
s1966,981
s1967,980
s1967,981
s1968,982
s1970,980
s1971,983
s1972,984
s1973,985
s1975,986
s1976,987
s1977,988
s1978,989
s1982,990
s1983,991
s1985,702
s1986,992
s1988,993
s1996,994
s1997,995
s1998,996
s1999,997
s2001,998
s2002,999
s2004,26
s2006,1000
s2008,1001
s2011,1002
s2012,1003
s2016,1004
s2017,1005
s2018,1006
s2019,1006
s2020,1007
s2021,1008
s2023,1009
s2024,1010
s2025,444
s2026,1011
s2027,1012
s2028,1013
s2028,1014
s2029,1015
s2030,238
s2031,1016
s2032,1017
s2035,1018
s2036,1019
s2037,1020
s2040,1021
s2044,1022
s2046,1023
s2047,324
s2049,1024
s2050,292
s2051,1025
s2051,1026
s2052,1027
s2053,1028
s2056,1029
s2057,1030
s2058,1031
s2060,1032
s2061,897
s2062,1033
s2066,1034
s2068,1035
s2072,1036
s2073,1037
s2075,1038
s2076,1039
s2077,1040
s2077,1041
s2077,1042
s2078,1043
s2080,26
s2081,1044
s2082,1045
s2082,1046
s2083,1047
s2084,1048
s2085,1049
s2088,1050
s2088,1051
s2089,1052
s2091,1053
s2092,1054
s2093,1055
s2095,1056
s2096,1057
s2101,1058
s2104,1059
s2105,1060
s2108,1061
s2109,1062
s2111,1063
s2112,44
s2116,1064
s2117,1065
s2118,1066
s2121,1067
s2122,1068
s2127,464
s2130,1069
s2131,1070
s2132,545
s2133,1071
s2133,1072
s2138,1073
s2139,994
s2140,994
s2142,1074
s2143,258
s2144,1075
s2147,1076
s2150,1077
s2151,1078
s2155,1079
s2156,732
s2160,1080
s2162,1081
s2164,1082
s2168,1083
s2170,742
s2172,1084
s2173,1085
s2177,300
s2178,1086
s2180,1087
s2184,1088
s2186,1089
s2186,1090
s2187,1091
s2188,1092
s2188,1093
s2189,1094
s2192,1095
s2194,1096
s2196,1097
s2197,1098
s2198,1099
s2199,1100
s2203,1101
s2205,1102
s2206,1103
s2207,1104
s2208,1105
s2208,1106
s2209,821
s2209,822
s2210,1107
s2211,1108
s2212,1109
s2214,118
s2216,1110
s2217,1111
s2221,1112
s2222,1113
s2222,1114
s2225,1115
s2232,1116
s2232,1117
s2233,1118
s2234,1119
s2235,1120
s2240,1121
s2241,1122
s2243,1123
s2245,1124
s2245,1125
s2248,1126
s2251,1127
s2252,1128
s2257,1129
s2258,1130
s2258,1131
s2260,1132
s2261,1133
s2261,1134
s2263,1135
s2263,1136
s2265,1137
s2266,1138
s2267,1139
s2268,831
s2268,95
s2268,1140
s2268,1141
s2269,1142
s2270,1143
s2271,94
s2272,1144
s2273,1145
s2274,1146
s2275,1147
s2276,1148
s2277,949
s2278,1149
s2279,1150
s2280,611
s2281,1004
s2282,1151
s2283,1152
s2284,1153
s2285,1154
s2286,1155
s2286,1156
s2287,1157
s2288,1158
s2289,123
s2290,1159
s2291,1160
s2292,1161
s2295,1162
s2296,1163
s2297,1164
s2301,1165
s2303,1166
s2303,1167
s2305,1168
s2305,1169
s2308,1170
s2309,1171
s2310,1172
s2311,1173
s2312,1174
s2313,1172
s2315,391
s2316,1175
s2318,1176
s2320,1177
s2322,564
s2324,1178
s2325,1163
s2326,1179
s2329,1180
s2331,1181
s2333,1182
s2334,1183
s2337,1184
s2339,1185
s2340,1186
s2341,1186
s2343,1187
s2345,1188
s2346,1189
s2348,1190
s2349,1191
s2351,1192
s2351,1193
s2352,1194
s2354,1195
s2355,223
s2357,1196
s2359,1197
s2361,442
s2362,223
s2364,1198
s2365,1199
s2365,1200
s2366,223
s2367,223
s2368,223
s2369,223
s2370,223
s2372,1183
s2373,1201
s2374,223
s2375,1202
s2376,223
s2377,223
s2378,1203
s2380,1204
s2381,1205
s2382,1178
s2383,1206
s2386,1207
s2387,953
s2388,1191
s2390,1208
s2392,593
s2392,1209
s2393,1210
s2394,43
s2398,1211
s2399,1212
s2403,1213
s2404,1214
s2406,288
s2408,1215
s2411,499
s2412,1216
s2413,1217
s2413,1218
s2414,1219
s2414,1220
s2415,1221
s2417,1222
s2419,1223
s2420,1224
s2421,831
s2422,1120
s2424,1225
s2425,1226
s2428,1227
s2429,1228
s2430,1015
s2431,1229
s2434,1230
s2435,1231
s2436,1230
s2438,1232
s2439,1063
s2440,1233
s2442,1234
s2443,1235
s2444,1236
s2446,1237
s2447,1238
s2449,1239
s2452,1240
s2455,1241
s2456,1242
s2457,1243
s2458,1244
s2459,1245
s2461,223
s2464,1246
s2465,1246
s2466,1247
s2468,1248
s2469,1249
s2470,1250
s2471,1251
s2472,1252
s2472,1253
s2475,504
s2476,227
s2478,231
s2479,1254
s2479,1255
s2479,1256
s2480,1257
s2481,1258
s2481,1259
s2481,1260
s2481,1261
s2481,1262
s2482,1163
s2483,1263
s2486,1264
s2488,1265
s2491,1266
s2492,1267
s2493,1268
s2493,1269
s2494,1270
s2495,1271
s2495,1272
s2497,1273
s2498,636
s2499,1274
s2501,1275
s2502,1276
s2503,1235
s2504,1277
s2505,1278
s2506,1279
s2507,1279
s2508,1280
s2510,1230
s2511,1278
s2512,1281
s2513,1233
s2514,1282
s2517,1283
s2521,1284
s2522,1285
s2523,909
s2528,1286
s2532,593
s2532,1209
s2533,593
s2533,1209
s2534,1287
s2535,1288
s2537,117
s2538,1289
s2539,1290
s2540,1291
s2541,1075
s2542,1292
s2544,1293
s2545,1294
s2546,890
s2548,1295
s2550,1296
s2551,1297
s2554,1298
s2554,1299
s2554,1300
s2554,1301
s2556,1302
s2557,1303
s2558,1304
s2559,227
s2560,1305
s2562,1306
s2563,1307
s2564,1308
s2565,1309
s2566,1310
s2567,1311
s2568,551
s2571,771
s2572,1312
s2573,771
s2574,1313
s2577,1314
s2578,1315
s2579,1316
s2580,810
s2580,809
s2583,416
s2583,417
s2585,1317
s2588,1318
s2590,1319
s2592,1320
s2593,68
s2593,69
s2597,1321
s2598,1322
s2602,1323
s2603,1324
s2604,1325
s2604,1326
s2606,400
s2608,1327
s2611,1328
s2613,575
s2613,1329
s2614,1330
s2615,1331
s2615,1332
s2616,1333
s2617,451
s2618,1334
s2619,453
s2621,400
s2622,400
s2623,1335
s2624,1015
s2625,1336
s2626,971
s2627,1337
s2630,1338
s2631,1063
s2633,653
s2634,1339
s2635,1340
s2636,1341
s2637,1342
s2638,1343
s2639,1015
s2643,1344
s2645,1345
s2647,1346
s2648,1346
s2650,534
s2651,1347
s2654,1348
s2655,1065
s2656,1349
s2657,842
s2660,1350
s2664,1351
s2668,1352
s2669,592
s2672,1353
s2673,1354
s2674,1108
s2675,1355
s2676,1356
s2676,1357
s2678,1358
s2678,1359
s2679,1360
s2680,1361
s2681,1362
s2682,1363
s2683,1364
s2684,1365
s2686,1366
s2687,1367
s2688,879
s2689,1327
s2691,1368
s2694,1369
s2695,1370
s2695,1371
s2696,1372
s2697,1373
s2698,1374
s2701,1375
s2702,1376
s2703,1377
s2704,1378
s2705,1379
s2706,1380
s2707,1381
s2708,343
s2710,1382
s2713,1383
s2715,1384
s2716,1385
s2717,1386
s2718,184
s2720,1387
s2720,1388
s2721,1389
s2722,1390
s2723,1391
s2724,1392
s2725,1393
s2726,1391
s2727,230
s2729,469
s2730,1394
s2731,1140
s2732,1140
s2733,1395
s2734,1396
s2735,1140
s2736,1158
s2739,1397
s2742,1398
s2745,1399
s2745,1400
s2746,1401
s2748,1402
s2750,1403
s2751,1404
s2755,1405
s2756,1406
s2757,1407
s2758,1408
s2759,1409
s2761,1410
s2763,300
s2764,822
s2764,821
s2767,1411
s2769,1412
s2770,1413
s2770,1414
s2771,1046
s2771,1045
s2772,1415
s2774,1416
s2776,1417
s2779,1418
s2781,1419
s2782,1420
s2782,1421
s2783,1422
s2790,1423
s2797,1424
s2799,1425
s2800,1426
s2800,1427
s2801,1428
s2802,1429
s2804,1430
s2807,1431
s2810,1432
s2811,1433
s2816,1434
s2818,1435
s2820,1436
s2821,1437
s2822,1438
s2823,1439
s2824,1440
s2829,1441
s2830,259
s2833,121
s2834,1442
s2835,1443
s2836,1444
s2837,872
s2838,1445
s2840,1446
s2843,1447
s2844,1448
s2845,1449
s2845,1450
s2846,1448
s2847,1451
s2848,1452
s2848,1453
s2849,1308
s2850,1280
s2851,1454
s2852,1455
s2853,1456
s2854,1457
s2857,1458
s2860,1459
s2861,653
s2862,1460
s2863,1461
s2864,157
s2866,1462
s2868,1049
s2874,1463
s2877,1464
s2877,1465
s2878,1466
s2878,1467
s2878,960
s2878,1468
s2878,1469
s2879,1470
s2880,569
s2882,1121
s2883,1065
s2886,187
s2887,1471
s2888,1472
s2890,1473
s2891,1474
s2896,1475
s2897,1476
s2898,1477
s2899,1478
s2900,1479
s2904,1480
s2905,1481
s2906,1482
s2907,1000
s2908,1483
s2909,1484
s2912,1485
s2912,1486
s2913,1487
s2914,1488
s2915,1489
s2916,1490
s2917,464
s2919,116
s2920,1491
s2920,1492
s2920,1493
s2924,1494
s2924,1495
s2925,1496
s2925,1497
s2926,632
s2929,1253
s2929,1252
s2931,735
s2933,1498
s2934,1499
s2935,1500
s2936,1501
s2937,1502
s2940,1503
s2941,1504
s2944,1505
s2947,1506
s2947,1507
s2948,1508
s2950,1509
s2950,1510
s2951,1511
s2952,1512
s2953,1513
s2955,1476
s2956,1514
s2957,1515
s2958,1186
s2961,1516
s2962,1517
s2963,1518
s2964,1519
s2969,1520
s2970,1186
s2971,1521
s2973,1522
s2974,1182
s2976,1523
s2979,1524
s2982,1525
s2986,1526
s2987,590
s2988,768
s2988,1527
s2989,1528
s2989,1529
s2990,1530
s2991,1531
s2996,1532
s2997,326
s3000,1533
s3003,1534
s3003,1535
s3004,1536
s3005,1537
s3007,1538
s3008,1539
s3009,196
s3010,1540
s3015,1541
s3017,1542
s3018,1543
s3019,1544
s3020,1255
s3022,1545
s3023,1546
s3024,1547
s3026,1548
s3027,1549
s3028,1550
s3028,1551
s3030,1348
s3032,1552
s3033,1553
s3037,1143
s3039,1554
s3042,339
s3044,1555
s3045,1556
s3047,1557
s3049,1288
s3052,1558
s3055,1559
s3058,1560
s3058,1561
s3059,1560
s3059,1562
s3060,1560
s3061,831
s3061,95
s3061,1140
s3061,1141
s3062,302
s3063,1563
s3069,475
s3070,1564
s3071,1558
s3074,1565
s3078,1566
s3079,1567
s3081,1568
s3082,1569
s3090,1570
s3091,1571
s3092,1572
s3095,1573
s3097,1574
s3098,529
s3099,1575
s3099,1576
s3100,1577
s3101,339
s3102,1578
s3102,1579
s3103,381
s3105,1580
s3106,1581
s3108,1582
s3110,1583
s3111,1584
s3113,1327
s3115,1585
s3117,1586
s3124,1587
s3125,1588
s3125,1589
s3125,1590
s3125,1591
s3125,1592
s3125,1593
s3125,1594
s3125,1595
s3125,1596
s3125,1597
s3125,1598
s3126,1067
s3127,1599
s3131,1178
s3132,1600
s3133,1141
s3134,1600
s3135,1600
s3136,1601
s3137,461
s3138,1602
s3140,1603
s3141,1604
s3142,1605
s3143,1600
s3144,1141
s3145,1165
s3146,1606
s3148,1603
s3150,1141
s3151,1607
s3152,275
s3153,1608
s3156,1609
s3158,1610
s3159,1611
s3160,1232
s3161,1612
s3162,1613
s3163,1614
s3164,1615
s3165,1616
s3167,514
s3170,1617
s3171,1618
s3172,1619
s3175,1620
s3179,1327
s3180,1327
s3181,1621
s3187,1622
s3189,1623
s3190,1624
s3191,1625
s3192,1626
s3194,1627
s3196,1628
s3198,1629
s3199,1630
s3201,1631
s3202,1632
s3203,1633
s3203,1634
s3204,1635
s3206,1636
s3206,1637
s3207,1638
s3208,1639
s3210,1120
s3211,1640
s3212,1641
s3215,1642
s3216,1643
s3218,1116
s3219,838
s3224,1644
s3225,1645
s3227,1646
s3227,1647
s3228,653
s3229,1312
s3230,1086
s3234,1648
s3236,343
s3238,1649
s3240,1602
s3245,1509
s3245,1510
s3249,1650
s3251,1651
s3252,1652
s3254,1653
s3255,1654
s3257,1655
s3261,1656
s3262,652
s3263,1657
s3265,1658
s3266,1659
s3267,1660
s3268,1661
s3269,1662
s3269,1663
s3273,1664
s3274,1665
s3279,1666
s3281,1667
s3286,1668
s3290,1669
s3291,767
s3297,1670
s3298,1671
s3300,1672
s3301,1673
s3303,1674
s3304,1308
s3306,1675
s3308,1676
s3309,1677
s3310,838
s3312,1678
s3313,1679
s3316,1083
s3318,1083
s3319,1680
s3320,1681
s3320,1682
s3321,1683
s3322,1684
s3323,118
s3324,1685
s3325,1686
s3327,1687
s3330,1688
s3332,1689
s3333,1690
s3335,1389
s3338,236
s3339,1691
s3344,1692
s3348,1693
s3349,1694
s3354,1695
s3354,1696
s3355,1697
s3357,1698
s3359,1699
s3360,1700
s3363,816
s3367,1701
s3372,442
s3373,1702
s3380,1703
s3381,1704
s3384,1705
s3385,1706
s3385,1707
s3387,1708
s3388,1709
s3389,1710
s3390,902
s3392,1711
s3393,121
s3399,1712
s3403,400
s3406,1713
s3408,1714
s3410,1715
s3412,879
s3413,1716
s3414,1717
s3420,1718
s3422,1712
s3423,1719
s3424,1720
s3425,1721
s3426,1722
s3426,1723
s3428,444
s3429,1724
s3430,172
s3432,1725
s3433,1324
s3435,1726
s3439,1727
s3440,1728
s3442,1350
s3444,735
s3447,1729
s3449,1730
s3451,1731
s3452,1732
s3457,1733
s3457,1086
s3460,1734
s3462,1735
s3466,1736
s3472,1737
s3473,1738
s3473,1739
s3476,1740
s3476,1741
s3477,1617
s3478,1742
s3479,998
s3481,1743
s3483,1744
s3485,1745
s3487,1746
s3488,1747
s3495,1748
s3496,564
s3497,1749
s3498,1750
s3499,1751
s3501,1752
s3504,1753
s3507,1754
s3507,1755
s3508,453
s3510,1756
s3512,1048
s3513,566
s3514,1757
s3515,1758
s3517,619
s3518,1759
s3519,1760
s3521,451
s3523,1761
s3524,1762
s3529,596
s3531,1763
s3532,1764
s3533,1765
s3534,448
s3537,1766
s3538,1767
s3542,1768
s3543,1769
s3543,1770
s3545,807
s3546,1244
s3549,551
s3550,1771
s3555,1772
s3556,427
s3557,1773
s3558,1774
s3560,1775
s3561,1776
s3564,1777
s3565,1778
s3566,1779
s3567,1780
s3570,1781
s3573,764
s3575,1782
s3583,1783
s3584,310
s3587,1784
s3590,733
s3590,831
s3591,1785
s3591,1786
s3591,854
s3591,1787
s3591,1788
s3591,1789
s3591,1790
s3592,1361
s3594,1791
s3595,1792
s3596,1793
s3603,1794
s3604,1795
s3604,1796
s3606,1797
s3614,1798
s3615,1798
s3617,1799
s3618,1800
s3619,477
s3620,1612
s3621,1524
s3623,1306
s3624,1801
s3626,1802
s3627,1519
s3631,1803
s3632,1804
s3635,1805
s3638,1806
s3639,1626
s3640,1807
s3642,44
s3646,1808
s3647,1372
s3647,1809
s3648,1810
s3649,1811
s3650,1812
s3650,1813
s3651,1814
s3653,1815
s3654,1816
s3658,1118
s3659,1817
s3662,1818
s3663,1819
s3669,1820
s3671,1821
s3673,1822
s3676,1823
s3680,1824
s3694,1622
s3699,1825
s3700,1826
s3702,1827
s3704,1828
s3707,1829
s3710,157
s3712,326
s3712,1830
s3714,1799
s3716,1831
s3718,1048
s3718,1832
s3719,1833
s3719,1833
s3720,1834
s3720,1835
s3720,1836
s3721,1837
s3729,1837
s3729,1838
s3730,1839
s3730,1840
s3731,1841
s3732,1377
s3734,1372
s3735,1842
s3736,1843
s3740,1844
s3741,1845
s3748,1323
s3754,1846
s3757,1847
s3758,1848
s3759,1524
s3760,653
s3762,1849
s3764,1850
s3765,1851
s3766,1852
s3767,1853
s3768,1854
s3769,1855
s3772,48
s3773,1856
s3774,1664
s3776,1857
s3777,1280
s3782,1858
s3784,1859
s3786,287
s3787,1860
s3789,86
s3791,1861
s3792,1862
s3794,1863
s3798,1864
s3799,238
s3801,1865
s3805,1866
s3806,1622
s3814,1867
s3816,1868
s3817,1869
s3819,1870
s3820,1871
s3821,1872
s3823,1873
s3826,1874
s3830,1083
s3831,1875
s3833,1876
s3834,1877
s3835,1878
s3837,1755
s3842,595
s3843,1879
s3859,1880
s3861,1881
s3863,1882
s3864,303
s3866,1883
s3867,1884
s3869,1885
s3870,14
s3872,1886
s3873,1887
s3874,1888
s3875,1889
s3876,1890
s3878,1280
s3886,1891
s3889,551
s3890,400
s3891,1892
s3895,1893
s3900,1894
s3904,1895
s3905,1896
s3906,1897
s3907,1898
s3909,1899
s3911,32
s3912,1900
s3914,949
s3915,1799
s3916,1901
s3917,1902
s3918,1903
s3919,1904
s3920,967
s3922,1772
s3923,1905
s3924,1905
s3927,1906
s3929,1907
s3929,1908
s3929,1909
s3929,1910
s3930,551
s3931,1911
s3933,1912
s3936,1913
s3940,127
s3946,1914
s3949,1848
s3949,1915
s3951,1916
s3952,1917
s3953,838
s3955,1918
s3956,1919
s3958,1920
s3960,1921
s3961,1922
s3963,1923
s3964,1924
s3967,1925
s3973,1926
s3974,534
s3975,1350
s3976,1927
s3978,1928
s3979,1929
s3979,1930
s3983,1931
s3986,705
s3991,1932
s3992,1933
s3993,792
s3994,1934
s3995,777
s3996,1636
s3998,1935
s3998,1936
s4000,1937
s4001,1938
s4003,1939
s4004,1940
s4005,1868
s4006,1941
s4008,566
s4009,302
s4009,1942
s4010,566
s4011,302
s4012,1943
s4014,953
s4018,1934
s4019,1944
s4020,1933
s4021,777
s4022,737
s4025,1945
s4032,1946
s4032,1947
s4034,1948
s4035,1949
s4037,1950
s4038,1281
s4039,1932
s4040,1944
s4041,292
s4042,1951
s4046,1952
s4047,477
s4048,861
s4049,1953
s4052,1954
s4054,1955
s4059,1956
s4060,1957
s4061,1958
s4063,1959
s4065,1960
s4065,1961
s4066,318
s4067,1962
s4068,1963
s4069,737
s4070,1932
s4071,477
s4072,477
s4073,1964
s4074,737
s4075,737
s4076,737
s4077,737
s4078,897
s4079,1944
s4081,1965
s4082,1966
s4083,1967
s4084,1350
s4086,1968
s4087,1969
s4088,1970
s4089,1971
s4092,1972
s4093,1973
s4094,1974
s4095,1975
s4096,1976
s4098,1977
s4099,1978
s4101,1979
s4102,1980
s4103,949
s4104,969
s4105,1981
s4107,1982
s4108,1983
s4109,1984
s4111,1985
s4111,1986
s4113,1987
s4114,1988
s4116,1360
s4121,1715
s4122,1989
s4124,1990
s4125,1991
s4129,1257
s4134,1992
s4135,1993
s4137,1994
s4137,1995
s4139,1996
s4140,1997
s4147,1998
s4148,1999
s4149,61
s4152,1627
s4153,2000
s4155,2001
s4156,2002
s4158,2003
s4159,2004
s4160,534
s4161,2005
s4162,534
s4162,2006
s4165,2007
s4166,2008
s4166,2009
s4170,2010
s4174,2011
s4174,2012
s4175,2013
s4178,2014
s4181,2015
s4182,2016
s4183,401
s4187,2017
s4189,130
s4191,2018
s4192,2019
s4193,2020
s4194,2021
s4195,1848
s4196,1848
s4198,2022
s4199,897
s4205,2023
s4206,2024
s4209,2025
s4209,2026
s4210,2027
s4211,2028
s4212,2029
s4213,2030
s4215,2031
s4218,2032
s4218,2033
s4220,2034
s4222,2035
s4223,1808
s4224,1464
s4225,2036
s4226,2037
s4229,2038
s4230,2038
s4232,2039
s4233,2039
s4234,2040
s4234,2041
s4238,2042
s4239,2042
s4240,2042
s4244,2043
s4245,2044
s4247,2045
s4248,2045
s4249,1808
s4250,2046
s4253,2047
s4256,2048
s4260,2049
s4263,2050
s4268,2051
s4269,2052
s4278,2053
s4279,2054
s4281,2055
s4282,2056
s4283,2057
s4284,2058
s4285,251
s4285,2059
s4286,2060
s4287,1568
s4288,2061
s4290,2062
s4290,2063
s4292,2064
s4293,2065
s4294,2066
s4295,2067
s4296,2068
s4298,2069
s4300,2045
s4302,2045
s4304,2070
s4307,2071
s4315,1280
s4316,2072
s4318,2073
s4320,2074
s4322,2075
s4325,2076
s4329,2077
s4330,2078
s4331,2079
s4333,2080
s4334,2081
s4335,2082
s4336,2083
s4337,2084
s4338,2081
s4339,2081
s4340,2085
s4342,2086
s4342,2087
s4343,2088
s4344,2078
s4346,2089
s4347,2090
s4349,2091
s4350,2092
s4352,1621
s4353,798
s4355,2093
s4355,2094
s4356,2095
s4358,2096
s4359,1903
s4361,2097
s4362,2098
s4365,2099
s4365,2100
s4370,2101
s4371,2102
s4374,2103
s4375,1848
s4376,2104
s4378,2105
s4379,2106
s4383,2107
s4384,2108
s4386,1359
s4386,1358
s4389,2109
s4391,840
s4392,2110
s4393,2111
s4395,2112
s4395,2113
s4396,2114
s4397,855
s4397,856
s4398,2115
s4402,2116
s4403,2117
s4405,2118
s4412,2119
s4415,2120
s4418,2121
s4419,2122
s4420,2123
s4421,2124
s4422,2125
s4423,2126
s4424,2126
s4425,2127
s4426,2128
s4427,91
s4428,928
s4429,840
s4430,124
s4430,2129
s4432,2130
s4433,1151
s4434,2131
s4435,2132
s4436,2133
s4438,2134
s4439,2125
s4440,2135
s4441,97
s4442,2136
s4443,2137
s4444,2138
s4445,2139
s4446,1606
s4447,2140
s4448,2141
s4449,2142
s4450,91
s4451,1612
s4452,1145
s4453,2143
s4454,2125
s4455,95
s4456,986
s4457,2144
s4458,693
s4459,2145
s4460,2146
s4461,2147
s4463,2148
s4464,2149
s4465,836
s4467,465
s4468,2150
s4469,2007
s4471,1112
s4473,2151
s4474,2152
s4478,2153
s4481,1793
s4483,110
s4485,339
s4487,2154
s4487,2155
s4491,1830
s4493,1203
s4494,2156
s4497,2157
s4500,2158
s4501,2111
s4503,2159
s4506,2160
s4507,2161
s4508,521
s4510,2162
s4511,2163
s4513,2164
s4516,2165
s4520,2166
s4523,414
s4525,2167
s4525,2168
s4526,1775
s4527,2169
s4529,2170
s4533,2171
s4534,2172
s4538,2173
s4539,2174
s4540,339
s4541,2175
s4541,2176
s4545,2175
s4546,2177
s4548,2178
s4548,2179
s4549,2180
s4549,2181
s4553,2033
s4555,2179
s4557,2182
s4558,840
s4559,179
s4560,2183
s4561,2184
s4562,1861
s4563,831
s4564,2185
s4566,1396
s4568,2134
s4569,2186
s4570,2187
s4572,91
s4573,2188
s4574,464
s4575,2189
s4576,2190
s4577,2188
s4578,1662
s4579,2191
s4580,2192
s4581,1402
s4582,984
s4583,2193
s4584,2194
s4585,2085
s4586,2134
s4587,1319
s4588,2195
s4589,2196
s4590,2197
s4591,2197
s4592,2198
s4593,2159
s4594,2199
s4595,1627
s4596,2200
s4597,2201
s4598,2202
s4599,2203
s4600,2204
s4601,1156
s4601,1155
s4602,1155
s4602,1156
s4603,2205
s4604,2206
s4606,2207
s4608,2140
s4610,2208
s4611,733
s4612,2183
s4613,2209
s4614,2210
s4615,2211
s4616,2212
s4617,2213
s4618,2214
s4619,2215
s4620,2216
s4625,1848
s4627,2217
s4631,2218
s4631,2219
s4642,2220
s4643,2221
s4647,2222
s4650,2223
s4657,2224
s4657,2225
s4658,2226
s4660,2227
s4661,521
s4662,1048
s4665,2228
s4666,881
s4667,2229
s4668,2230
s4669,2231
s4670,2232
s4672,2233
s4676,847
s4680,2234
s4681,1984
s4682,2235
s4684,2236
s4686,2237
s4687,2238
s4688,2239
s4689,1362
s4691,2240
s4692,2241
s4693,2242
s4694,2243
s4695,2244
s4698,2245
s4699,2246
s4700,2247
s4701,733
s4702,2248
s4706,2249
s4707,2250
s4708,2251
s4709,1247
s4713,2252
s4714,2253
s4715,2254
s4716,2255
s4716,2256
s4716,2257
s4719,2258
s4720,2190
s4721,1158
s4721,2259
s4722,2136
s4723,1606
s4724,2260
s4725,2261
s4726,2190
s4727,971
s4728,1393
s4729,1318
s4730,2262
s4731,464
s4732,693
s4733,1861
s4734,2263
s4735,971
s4736,2264
s4737,973
s4738,2190
s4740,2265
s4740,2266
s4741,2267
s4746,2268
s4747,2268
s4749,2269
s4750,2270
s4750,2271
s4752,2272
s4756,1638
s4757,1655
s4758,1445
s4761,2273
s4766,1616
s4769,449
s4770,2025
s4770,2026
s4771,182
s4774,1582
s4775,2274
s4776,2275
s4780,2276
s4782,2270
s4782,2271
s4783,2277
s4784,2278
s4785,2279
s4786,2147
s4787,2280
s4788,2280
s4789,1280
s4790,2281
s4791,2282
s4792,365
s4792,1669
s4793,2192
s4794,2283
s4795,581
s4796,2110
s4797,2284
s4798,1294
s4800,2285
s4801,1147
s4803,2286
s4804,1372
s4806,2287
s4807,2288
s4809,2270
s4809,2271
s4811,2289
s4813,2290
s4815,1524
s4817,2291
s4818,2292
s4820,2293
s4823,2294
s4824,1249
s4824,2295
s4826,1141
s4826,1140
s4826,831
s4826,95
s4827,2296
s4829,1293
s4830,2297
s4831,2298
s4834,2299
s4835,2300
s4836,1898
s4840,2301
s4841,2302
s4843,259
s4844,2303
s4848,2304
s4850,2270
s4850,2271
s4851,2305
s4852,1280
s4855,2059
s4856,555
s4859,2306
s4861,1159
s4862,2307
s4864,1372
s4865,2308
s4865,2309
s4867,2270
s4867,2271
s4869,118
s4871,2310
s4872,2311
s4873,2312
s4874,2103
s4876,2313
s4877,2314
s4879,2315
s4881,2316
s4882,2317
s4883,2318
s4884,551
s4885,2319
s4886,2320
s4887,2321
s4889,2322
s4890,2323
s4891,1271
s4892,840
s4894,2324
s4900,124
s4902,2325
s4903,2326
s4905,2327
s4906,2328
s4908,2329
s4910,2330
s4913,2331
s4916,2332
s4917,2333
s4917,2334
s4918,2335
s4918,2336
s4918,2337
s4919,2338
s4920,2339
s4921,2340
s4922,314
s4924,2341
s4928,565
s4929,2342
s4930,2343
s4932,2344
s4933,2345
s4935,2346
s4936,2347
s4937,2348
s4938,2349
s4939,1350
s4940,2350
s4941,2270
s4941,2271
s4944,2351
s4945,2352
s4946,2353
s4948,2354
s4949,124
s4951,1350
s4953,2355
s4954,2356
s4955,2355
s4956,2357
s4957,2192
s4959,2358
s4960,2359
s4961,2360
s4963,2270
s4963,2271
s4964,2361
s4966,2238
s4967,2238
s4969,2362
s4970,1626
s4971,1846
s4972,2363
s4973,2364
s4975,2365
s4976,2366
s4978,2367
s4983,2368
s4984,2369
s4987,2370
s4988,2371
s4990,2372
s4991,2373
s4992,2374
s4994,2375
s4997,2376
s4997,2377
s4999,302
s5002,2270
s5002,2271
s5003,2270
s5003,2271
s5004,2378
s5007,2379
s5008,108
s5009,108
s5010,94
s5011,671
s5012,2380
s5013,2381
s5014,2382
s5015,464
s5016,1260
s5016,1261
s5016,1262
s5017,1260
s5017,1261
s5017,1262
s5018,1260
s5018,1261
s5018,1262
s5019,2238
s5020,2238
s5021,2383
s5022,108
s5023,2384
s5025,1280
s5026,1547
s5029,2385
s5032,2386
s5034,2387
s5035,2388
s5038,2389
s5040,365
s5041,2390
s5042,2391
s5042,2392
s5043,2393
s5045,2394
s5048,2395
s5051,2396
s5052,2397
s5054,107
s5056,2398
s5057,2399
s5059,2400
s5059,2401
s5060,2402
s5061,1211
s5063,2270
s5063,2271
s5065,2403
s5067,2270
s5067,2271
s5068,2404
s5072,1211
s5073,2405
s5074,2406
s5074,2407
s5075,2408
s5077,2270
s5077,2271
s5078,2025
s5078,2026
s5080,2409
s5080,2410
s5081,2411
s5082,2412
s5084,2413
s5085,2414
s5087,1372
s5089,2415
s5092,2416
s5093,1430
s5094,2417
s5097,2418
s5101,1775
s5102,2419
s5103,2420
s5105,2421
s5107,790
s5108,2422
s5109,1808
s5111,2423
s5112,2424
s5114,376
s5115,2425
s5116,2426
s5116,840
s5117,2427
s5118,2345
s5122,236
s5123,2428
s5124,2429
s5125,2430
s5128,1280
s5130,845
s5131,2410
s5132,2409
s5132,2410
s5134,2431
s5135,1808
s5136,971
s5137,2432
s5138,2433
s5138,2434
s5143,2435
s5144,2436
s5144,2437
s5145,2438
s5147,1213
s5149,2439
s5149,2440
s5152,2441
s5154,2442
s5159,360
s5159,2443
s5161,2444
s5162,564
s5163,2445
s5164,520
s5165,570
s5168,1477
s5172,1280
s5173,2446
s5175,2447
s5177,2270
s5177,2271
s5178,1979
s5180,2448
s5182,2449
s5184,973
s5187,2450
s5188,2451
s5189,2452
s5189,1946
s5190,2453
s5191,2454
s5197,2455
s5198,2456
s5199,2457
s5200,2103
s5202,2458
s5203,2459
s5204,181
s5205,2460
s5208,1703
s5212,2461
s5213,2462
s5214,2310
s5215,97
s5218,2463
s5219,2464
s5221,2465
s5223,2466
s5224,2467
s5225,2271
s5227,238
s5228,1617
s5229,2468
s5230,2469
s5231,1372
s5235,2470
s5236,2471
s5239,2472
s5242,2473
s5249,2474
s5250,2475
s5250,2476
s5253,2416
s5256,2477
s5261,2478
s5262,2479
s5265,2480
s5266,2481
s5267,2482
s5268,2483
s5269,2484
s5270,1033
s5271,1480
s5274,2485
s5277,302
s5278,2486
s5280,2487
s5280,2488
s5283,2246
s5284,259
s5291,2411
s5293,2489
s5294,2489
s5295,2490
s5297,2411
s5301,2491
s5303,2492
s5304,2493
s5305,2410
s5307,2494
s5309,2495
s5309,2496
s5310,2409
s5310,2410
s5311,2010
s5311,2497
s5312,2498
s5313,2499
s5314,2500
s5315,2497
s5315,2010
s5316,1280
s5317,2501
s5318,2502
s5319,2503
s5320,1280
s5323,2504
s5323,2505
s5324,2506
s5326,1808
s5327,1808
s5329,363
s5330,2507
s5331,2508
s5332,310
s5333,2509
s5334,236
s5335,2510
s5338,2510
s5341,2511
s5342,2512
s5343,2270
s5343,2271
s5344,2513
s5345,2514
s5347,1108
s5352,2515
s5354,2516
s5359,2517
s5360,182
s5362,2518
s5365,2519
s5369,2520
s5370,1819
s5372,2521
s5373,2522
s5374,2523
s5375,650
s5376,2524
s5378,2525
s5379,1808
s5380,1808
s5382,2526
s5386,2527
s5388,2528
s5389,2529
s5390,182
s5392,2530
s5395,2531
s5397,2532
s5399,2533
s5401,2530
s5403,2534
s5409,2410
s5412,2535
s5416,232
s5417,2536
s5418,415
s5420,2537
s5421,2259
s5424,2538
s5424,2539
s5425,2404
s5429,2540
s5430,2541
s5431,2542
s5432,2543
s5433,2544
s5436,2545
s5441,2546
s5442,2547
s5443,2111
s5443,2548
s5444,1171
s5447,2549
s5448,2410
s5449,2550
s5450,2551
s5451,2543
s5452,2550
s5453,2552
s5454,2553
s5455,2554
s5456,2555
s5461,2555
s5462,2530
s5463,2410
s5464,2556
s5467,2550
s5469,603
s5470,2190
s5473,2557
s5474,1693
s5475,2558
s5477,2026
s5479,2559
s5479,2560
s5481,1350
s5482,2411
s5483,2561
s5484,2562
s5486,2411
s5487,2563
s5488,345
s5490,2564
s5490,2565
s5490,2566
s5491,2567
s5492,2568
s5493,2569
s5494,2570
s5496,2271
s5496,2270
s5497,2571
s5498,2572
s5499,2573
s5500,1391
s5501,2574
s5502,2575
s5503,2576
s5505,2577
s5506,2578
s5507,2579
s5508,2580
s5508,2581
s5512,43
s5513,2582
s5516,2583
s5517,2584
s5518,2585
s5518,2586
s5519,1280
s5523,2587
s5525,2588
s5526,1808
s5527,790
s5528,790
s5529,790
s5530,2589
s5531,21
s5532,2590
s5533,2591
s5534,2592
s5535,2593
s5536,838
s5537,2594
s5537,2595
s5540,1820
s5541,2596
s5544,2597
s5545,2598
s5546,2599
s5547,2600
s5548,2601
s5550,2602
s5551,2603
s5552,2604
s5553,2605
s5556,2606
s5557,2607
s5558,1524
s5560,1361
s5561,2608
s5562,2609
s5563,1775
s5565,2610
s5566,2611
s5569,2612
s5571,2613
s5572,2614
s5573,2615
s5574,2616
s5574,2617
s5575,2618
s5577,1524
s5578,2619
s5580,2620
s5582,400
s5583,1937
s5585,2621
s5587,1312
s5587,2622
s5588,461
s5589,2623
s5590,2624
s5591,2625
s5595,2105
s5596,1967
s5597,945
s5598,2626
s5600,1145
s5601,2627
s5605,2628
s5606,2629
s5607,2630
s5608,2631
s5611,2632
s5614,1752
s5614,2633
s5615,2270
s5615,2271
s5616,2634
s5617,136
s5618,2355
s5619,2286
s5620,2635
s5621,2636
s5622,2637
s5623,1372
s5624,2638
s5625,2639
s5626,2640
s5627,2641
s5628,1280
s5629,2642
s5630,2643
s5631,2644
s5632,1675
s5633,2645
s5634,2646
s5635,2647
s5636,2648
s5638,2649
s5639,2650
s5640,2651
s5642,2652
s5643,2653
s5644,2654
s5645,2655
s5646,2656
s5647,1612
s5648,2657
s5649,2658
s5649,680
s5650,2576
s5652,970
s5653,2659
s5657,2660
s5658,2661
s5658,2662
s5660,1518
s5661,566
s5662,2663
s5664,2664
s5665,2665
s5667,2666
s5675,2667
s5677,2668
s5679,2270
s5679,2271
s5680,1969
s5682,2669
s5683,2670
s5686,2671
s5688,1969
s5689,2672
s5690,2673
s5692,2674
s5694,2675
s5695,2676
s5697,2677
s5698,2678
s5699,2679
s5702,2680
s5703,2681
s5705,2682
s5706,2683
s5707,2684
s5709,951
s5710,2685
s5711,2229
s5712,2271
s5712,2686
s5713,1524
s5713,2687
s5714,1816
s5715,1299
s5718,2688
s5719,2689
s5720,419
s5722,2690
s5725,1280
s5727,2691
s5734,2692
s5734,2693
s5736,2694
s5737,2103
s5738,2695
s5739,2696
s5740,2697
s5741,2698
s5743,2699
s5744,2700
s5746,2701
s5747,2702
s5748,2489
s5749,2043
s5750,2043
s5751,2703
s5755,1976
s5756,2704
s5757,2705
s5759,2706
s5761,2707
s5762,1997
s5765,2708
s5766,2709
s5768,2710
s5771,1771
s5773,2481
s5774,2197
s5775,2711
s5777,2712
s5779,2713
s5780,2714
s5780,2715
s5781,2716
s5785,2310
s5793,2717
s5794,564
s5797,2718
s5809,1372
s5810,2719
s5811,2720
s5816,2721
s5817,564
s5818,1372
s5819,1808
s5820,2722
s5821,2721
s5825,2723
s5827,2724
s5829,2725
s5831,2726
s5832,303
s5833,2727
s5834,2229
s5835,20
s5836,1350
s5838,2728
s5838,2729
s5838,2730
s5838,2731
s5838,2732
s5838,2733
s5838,2229
s5838,2734
s5838,2735
s5838,2736
s5838,1900
s5840,2270
s5840,2271
s5841,2737
s5842,1112
s5843,365
s5843,1669
s5847,2592
s5848,1372
s5849,2632
s5852,2738
s5852,2739
s5853,2416
s5858,2740
s5859,2741
s5860,1272
s5861,2742
s5861,2743
s5862,2744
s5865,2745
s5866,2656
s5869,1612
s5873,2270
s5873,2271
s5874,1112
s5875,1112
s5876,1372
s5877,2746
s5879,2747
s5880,2748
s5881,1259
s5881,1260
s5881,1261
s5881,1262
s5882,196
s5884,2749
s5885,1581
s5887,2750
s5888,204
s5888,2751
s5888,2752
s5888,2753
s5888,2754
s5888,2755
s5888,2756
s5888,2757
s5888,2758
s5888,2759
s5888,2760
s5888,2761
s5888,2762
s5889,1657
s5890,2763
s5891,2764
s5892,2765
s5893,2766
s5893,2767
s5895,1372
s5897,2123
s5898,2768
s5898,2769
s5899,1132
s5900,1372
s5902,2770
s5902,2771
s5904,2423
s5905,2772
s5906,2773
s5908,2774
s5910,2775
s5912,1612
s5913,2776
s5914,2536
s5916,2777
s5917,2778
s5918,1800
s5922,1372
s5925,1612
s5928,2779
s5929,2669
s5931,2780
s5931,2781
s5932,2782
s5932,2783
s5935,2784
s5936,2785
s5937,2786
s5938,2787
s5939,2788
s5939,2789
s5942,2790
s5943,2791
s5944,2792
s5945,2793
s5946,2794
s5947,2795
s5948,2796
s5949,2797
s5950,2798
s5951,2799
s5952,2800
s5953,2801
s5954,2802
s5954,2803
s5955,2804
s5956,2805
s5957,2806
s5958,2807
s5959,2808
s5960,7
s5961,2809
s5962,2810
s5963,625
s5964,853
s5966,414
s5967,1923
s5969,2811
s5970,2812
s5971,2813
s5974,2814
s5976,2815
s5977,442
s5978,2816
s5980,2817
s5981,2818
s5982,422
s5986,2819
s5988,2820
s5989,2821
s5991,2822
s5992,2823
s5992,2824
s5993,2825
s5994,2826
s5995,2827
s5996,2828
s5997,2123
s5999,2829
s6000,2830
s6001,2831
s6001,2832
s6003,2833
s6004,2834
s6005,2835
s6006,2836
s6007,2837
s6009,2838
s6010,2839
s6012,2840
s6013,2841
s6014,2842
s6015,2843
s6016,2844
s6018,2845
s6019,2846
s6020,2847
s6021,2165
s6022,2848
s6023,2849
s6024,2850
s6025,2851
s6026,2852
s6026,2853
s6028,2831
s6028,2832
s6029,2854
s6030,1800
s6031,2855
s6032,2856
s6033,2857
s6034,2858
s6035,2859
s6036,2126
s6037,2860
s6040,310
s6041,2861
s6042,2862
s6043,2863
s6047,1945
s6050,2038
s6051,2223
s6052,2864
s6053,2865
s6054,1243
s6055,2866
s6056,2867
s6057,2868
s6058,1358
s6058,1359
s6059,2869
s6060,2870
s6061,2871
s6062,710
s6063,2872
s6064,1159
s6066,636
s6069,2873
s6070,2874
s6071,447
s6072,2875
s6073,2876
s6074,693
s6075,32
s6076,2877
s6077,2813
s6079,1767
s6080,556
s6080,2878
s6081,2879
s6082,200
s6082,290
s6083,2880
s6084,2881
s6085,2882
s6086,2883
s6087,2884
s6087,2885
s6088,577
s6089,2886
s6091,2887
s6092,2888
s6093,2889
s6094,2890
s6098,994
s6099,2891
s6100,2892
s6104,2234
s6105,2893
s6107,2894
s6108,1155
s6108,1156
s6110,2895
s6111,2896
s6111,449
s6112,653
s6113,2897
s6114,410
s6116,2898
s6117,2899
s6117,2900
s6117,2901
s6118,2902
s6119,2903
s6120,2904
s6121,2847
s6122,2905
s6123,2906
s6124,2907
s6125,2908
s6126,2908
s6129,2909
s6130,2910
s6131,2911
s6132,2912
s6134,2913
s6135,2064
s6136,2914
s6139,2915
s6141,2916
s6142,2917
s6143,2918
s6144,2919
s6145,2920
s6146,2921
s6148,2922
s6149,2923
s6150,2924
s6152,2899
s6153,2925
s6153,2926
s6154,2927
s6155,2927
s6156,1230
s6158,2928
s6159,2929
s6159,1332
s6160,2930
s6161,2931
s6163,2932
s6164,2933
s6165,2846
s6166,2934
s6169,2935
s6170,2936
s6171,2937
s6172,541
s6173,2938
s6176,2939
s6177,2940
s6180,2941
s6180,2942
s6181,1874
s6182,2943
s6182,2944
s6183,2945
s6184,2946
s6185,2947
s6186,2948
s6187,2949
s6188,609
s6189,2950
s6190,2951
s6191,2952
s6192,2953
s6193,2954
s6194,2955
s6196,2956
s6196,2957
s6197,2958
s6197,2959
s6198,2960
s6200,2961
s6201,2962
s6201,2963
s6202,2964
s6203,1142
s6204,2965
s6205,2966
s6206,2967
s6208,2968
s6209,2969
s6210,2970
s6211,2971
s6212,1607
s6213,1607
s6215,2972
s6216,2973
s6218,2974
s6218,2975
s6219,2976
s6221,2926
s6222,2977
s6223,2977
s6224,2978
s6225,450
s6226,2979
s6227,2980
s6227,2981
s6228,2982
s6230,2983
s6231,2984
s6232,2985
s6233,2986
s6235,1170
s6236,2987
s6237,2988
s6238,2473
s6239,2989
s6239,2990
s6240,2991
s6241,2992
s6242,1033
s6243,2992
s6244,1033
s6244,2992
s6244,2990
s6245,2993
s6246,2994
s6247,890
s6248,63
s6249,1176
s6252,2995
s6255,2996
s6256,2997
s6257,2998
s6258,2999
s6261,3000
s6267,3001
s6268,3002
s6269,3003
s6269,3004
s6270,2946
s6271,3005
s6272,2872
s6273,2781
s6275,3006
s6278,3007
s6279,3008
s6281,3009
s6283,3010
s6284,3011
s6285,3011
s6286,444
s6289,3012
s6290,3013
s6291,1063
s6293,3014
s6294,3015
s6297,124
s6299,124
s6300,179
s6301,3016
s6303,3017
s6304,5
s6306,975
s6307,3018
s6308,3019
s6309,1577
s6310,3020
s6311,1524
s6312,3021
s6313,3022
s6313,3023
s6314,3024
s6315,3025
s6315,3026
s6315,3027
s6315,3028
s6316,3029
s6317,3030
s6318,3031
s6320,3032
s6321,3033
s6322,3034
s6323,37
s6326,849
s6327,3035
s6328,1702
s6329,3036
s6331,3037
s6332,3038
s6333,3039
s6334,3040
s6335,3041
s6337,3042
s6338,3043
s6339,3044
s6340,3045
s6341,3046
s6343,2216
s6344,332
s6345,3047
s6347,3048
s6349,3049
s6350,3050
s6351,3051
s6352,3052
s6352,3053
s6354,3054
s6354,3055
s6355,2756
s6355,3056
s6356,3057
s6357,3058
s6359,3059
s6360,3060
s6363,3061
s6363,3062
s6364,3063
s6366,3064
s6367,3065
s6368,3066
s6370,3067
s6371,410
s6372,3068
s6373,3069
s6375,1964
s6376,3070
s6377,3071
s6378,3072
s6380,14
s6381,3073
s6383,3074
s6384,3074
s6385,3074
s6387,3075
s6389,3076
s6391,3077
s6393,3078
s6395,3079
s6395,3080
s6396,3081
s6397,3082
s6398,3083
s6400,504
s6401,3084
s6403,3085
s6404,2136
s6409,3086
s6410,3087
s6411,3088
s6413,3089
s6415,3090
s6415,3091
s6416,3092
s6419,3093
s6420,3094
s6422,3095
s6423,3096
s6424,3097
s6425,1420
s6425,1421
s6426,3098
s6428,47
s6429,3099
s6430,3099
s6432,3100
s6434,765
s6436,3101
s6437,3102
s6438,3103
s6439,3104
s6440,3105
s6441,94
s6442,3106
s6443,3107
s6444,3108
s6445,3109
s6446,3110
s6447,62
s6448,238
s6449,3111
s6449,3112
s6450,94
s6451,433
s6453,3099
s6453,3113
s6454,3114
s6455,3115
s6459,305
s6465,184
s6465,3116
s6466,3117
s6467,3118
s6468,1065
s6469,3119
s6471,3120
s6473,3121
s6474,3122
s6475,3123
s6476,3124
s6477,3125
s6479,3126
s6480,3127
s6481,154
s6482,3128
s6483,2500
s6485,3129
s6486,2996
s6487,290
s6489,1586
s6489,3130
s6490,3131
s6492,3132
s6493,3133
s6494,3134
s6495,3135
s6497,3136
s6498,2748
s6500,3137
s6501,3138
s6502,3139
s6502,3140
s6502,3141
s6503,1198
s6504,3142
s6511,3143
s6512,332
s6513,3144
s6516,3145
s6517,3146
s6518,2555
s6519,3147
s6523,179
s6524,3148
s6527,962
s6528,3149
s6529,3150
s6530,442
s6531,179
s6534,3151
s6535,1568
s6537,3152
s6538,3153
s6540,3154
s6540,3155
s6541,667
s6542,3156
s6544,3157
s6545,3158
s6546,3159
s6547,3160
s6548,1905
s6549,3161
s6551,3162
s6552,3163
s6553,3164
s6554,3165
s6555,3166
s6556,3167
s6558,2300
s6559,3168
s6562,3169
s6563,103
s6565,3170
s6566,3171
s6567,3172
s6568,3173
s6570,3174
s6571,3175
s6574,3176
s6575,3177
s6575,3178
s6576,1617
s6576,3179
s6577,3180
s6578,3181
s6579,3182
s6580,1809
s6581,3183
s6582,2879
s6583,3184
s6584,3185
s6585,3186
s6586,3187
s6589,973
s6590,3188
s6590,3189
s6591,3190
s6593,3191
s6594,3043
s6596,3192
s6597,3193
s6598,3194
s6599,3195
s6600,3196
s6601,3197
s6603,2974
s6603,2975
s6605,929
s6606,3198
s6607,3199
s6609,3200
s6610,2907
s6611,2561
s6613,237
s6615,3201
s6616,3202
s6617,3203
s6618,38
s6620,3204
s6621,3205
s6622,3206
s6623,3207
s6624,3097
s6625,3208
s6625,3209
s6625,3210
s6625,3211
s6625,3212
s6625,3213
s6625,3214
s6625,3215
s6625,3216
s6625,3217
s6626,3218
s6627,3219
s6628,2887
s6629,2887
s6630,2887
s6631,3220
s6632,3221
s6633,2622
s6634,2249
s6635,340
s6637,3099
s6638,3222
s6640,3223
s6641,3224
s6641,3225
s6642,3226
s6643,3227
s6644,3228
s6645,3229
s6648,3230
s6650,3231
s6654,3232
s6655,3233
s6656,564
s6657,3234
s6658,3235
s6662,3236
s6663,3237
s6665,774
s6666,3238
s6667,3239
s6668,3240
s6669,2974
s6669,2975
s6670,2061
s6671,3241
s6676,2016
s6681,3242
s6683,3243
s6684,3244
s6684,3245
s6687,3246
s6688,3247
s6689,3248
s6690,3249
s6693,3250
s6695,3251
s6697,376
s6699,3252
s6700,3253
s6701,3254
s6702,3255
s6703,107
s6704,3256
s6705,3257
s6706,137
s6707,3258
s6709,3259
s6711,80
s6712,249
s6713,3260
s6714,2868
s6716,250
s6717,3261
s6720,3262
s6722,3263
s6723,340
s6724,3264
s6726,444
s6727,444
s6728,444
s6730,3265
s6731,3266
s6734,1844
s6735,3066
s6736,3134
s6737,3267
s6737,3268
s6739,3269
s6740,3270
s6741,3271
s6743,3272
s6744,2032
s6746,71
s6747,3273
s6748,3274
s6749,3275
s6750,3276
s6752,3277
s6753,504
s6754,3278
s6755,3279
s6756,3278
s6757,3280
s6758,3281
s6759,3282
s6760,45
s6761,3283
s6763,3284
s6766,3285
s6768,3286
s6769,1063
s6770,3287
s6772,3288
s6772,3289
s6773,3290
s6777,1540
s6779,3291
s6780,3292
s6781,3293
s6782,3011
s6784,3294
s6784,3295
s6785,3296
s6791,3297
s6793,2249
s6794,3134
s6795,1617
s6797,3298
s6798,1181
s6799,42
s6800,3299
s6801,1232
s6802,3300
s6802,3301
s6803,3302
s6805,3303
s6806,3304
s6808,3305
s6809,802
s6810,3306
s6811,943
s6814,429
s6815,2577
s6817,3307
s6818,3308
s6819,3309
s6820,3310
s6822,3311
s6824,3312
s6827,653
s6829,3313
s6830,3314
s6831,3315
s6832,3316
s6833,3317
s6838,3318
s6839,3319
s6840,3320
s6841,3194
s6843,2846
s6844,3321
s6845,890
s6846,3322
s6847,3323
s6847,16
s6848,1028
s6849,3323
s6851,3323
s6852,3324
s6853,3248
s6854,3325
s6854,3326
s6855,3327
s6856,1932
s6859,3328
s6860,3329
s6860,3330
s6861,3331
s6862,3328
s6863,3332
s6864,3333
s6865,2996
s6867,47
s6868,3334
s6870,3335
s6871,136
s6873,3336
s6874,3337
s6875,3338
s6876,2313
s6877,3339
s6878,3340
s6879,740
s6880,3341
s6881,653
s6882,3342
s6883,1382
s6884,2394
s6885,3343
s6887,3344
s6888,3345
s6889,165
s6892,929
s6893,3346
s6894,75
s6897,2216
s6898,1024
s6903,3347
s6904,2994
s6905,1330
s6906,1330
s6909,3348
s6910,2872
s6911,531
s6911,3349
s6911,3350
s6911,3351
s6911,3352
s6911,3353
s6911,3354
s6911,3355
s6911,3356
s6911,3357
s6911,3358
s6911,3359
s6912,3360
s6913,3361
s6914,3362
s6915,3363
s6916,3364
s6917,303
s6919,3365
s6921,3366
s6921,3367
s6922,3368
s6925,3369
s6925,3370
s6926,3371
s6928,3372
s6928,3373
s6929,3374
s6930,3375
s6932,1577
s6934,3376
s6935,3377
s6935,3378
s6937,94
s6940,3379
s6941,3380
s6943,3381
s6944,1715
s6945,3382
s6946,3383
s6947,3384
s6948,3385
s6949,3386
s6950,3387
s6951,895
s6953,3388
s6955,3389
s6955,3390
s6957,2118
s6958,475
s6959,1824
s6960,3391
s6961,1397
s6962,3392
s6963,1812
s6965,3393
s6967,3394
s6968,3395
s6973,3396
s6974,3397
s6976,3398
s6978,345
s6981,3399
s6983,3348
s6983,1172
s6984,3400
s6985,3401
s6985,3402
s6985,3403
s6985,3404
s6985,433
s6985,2501
s6985,6
s6985,3405
s6985,3406
s6987,3407
s6988,3407
s6989,3408
s6991,3409
s6992,3409
s6993,3410
s6994,3411
s6995,2843
s6996,3412
s6998,394
s7000,3413
s7003,3414
s7004,3415
s7005,3416
s7006,2633
s7008,3417
s7009,3418
s7010,3419
s7011,3420
s7012,3421
s7013,3422
s7014,479
s7015,3423
s7016,3424
s7019,3425
s7021,3426
s7022,922
s7022,3427
s7023,1186
s7024,3428
s7026,3429
s7027,1952
s7028,3430
s7031,3431
s7032,3431
s7033,1702
s7035,3432
s7036,2230
s7037,3433
s7037,3434
s7038,3435
s7039,3436
s7041,3437
s7043,914
s7044,3438
s7045,3439
s7047,2955
s7048,3440
s7049,1049
s7050,3441
s7052,3442
s7053,3443
s7054,3444
s7056,3445
s7057,1808
s7058,3446
s7059,3447
s7061,3448
s7062,435
s7063,3449
s7064,3450
s7065,3451
s7066,3452
s7068,3453
s7069,3454
s7071,9
s7072,9
s7073,9
s7074,9
s7075,3455
s7076,2445
s7078,181
s7079,3456
s7080,3457
s7085,3458
s7087,3459
s7088,3460
s7089,15
s7090,15
s7091,15
s7092,165
s7094,3461
s7095,32
s7096,3462
s7097,3463
s7098,3464
s7100,3465
s7103,3466
s7104,345
s7106,1556
s7107,2840
s7108,3467
s7110,1318
s7111,3468
s7111,3469
s7113,3470
s7114,181
s7115,3471
s7116,2136
s7118,775
s7119,2110
s7120,3472
s7122,433
s7123,3417
s7125,1793
s7127,165
s7128,3473
s7129,3474
s7131,3475
s7133,3476
s7137,3477
s7138,3478
s7140,3479
s7141,3480
s7142,3481
s7145,94
s7146,1621
s7148,3482
s7150,3483
s7151,3484
s7152,3140
s7152,3139
s7153,427
s7154,2081
s7155,1360
s7157,3485
s7159,3486
s7160,3487
s7161,3488
s7162,3489
s7163,3490
s7164,3491
s7165,2760
s7165,3492
s7165,3493
s7165,3494
s7165,3495
s7165,3496
s7165,3497
s7165,3498
s7165,3499
s7165,3500
s7166,3501
s7167,3502
s7168,3503
s7170,3361
s7171,143
s7172,3504
s7173,3505
s7174,3506
s7175,2876
s7176,3188
s7179,838
s7179,3507
s7180,838
s7180,3507
s7181,1524
s7182,3508
s7184,3509
s7187,95
s7189,2996
s7190,3510
s7190,3511
s7191,3512
s7192,559
s7193,3513
s7194,1617
s7195,848
s7196,3037
s7198,181
s7199,181
s7200,3514
s7201,3515
s7202,3516
s7203,283
s7204,829
s7205,7
s7206,3517
s7207,3518
s7208,3519
s7209,3520
s7211,69
s7211,68
s7212,3521
s7213,1155
s7213,1156
s7214,673
s7217,3522
s7219,1657
s7220,3523
s7220,3524
s7221,3525
s7222,3526
s7224,3527
s7224,3528
s7225,3529
s7226,3530
s7231,3531
s7235,1614
s7237,3532
s7238,3533
s7239,3534
s7240,3535
s7241,3536
s7242,371
s7243,3537
s7245,3020
s7247,3538
s7248,2561
s7249,3539
s7250,3540
s7251,3541
s7251,3542
s7253,493
s7254,3543
s7259,3544
s7260,3545
s7261,3546
s7262,3547
s7263,1376
s7266,1006
s7268,3548
s7270,3549
s7271,3550
s7272,3551
s7273,3552
s7273,702
s7275,3553
s7276,3554
s7277,3555
s7278,3555
s7281,3556
s7282,3557
s7283,373
s7284,3558
s7285,3201
s7287,6
s7289,2989
s7289,3559
s7293,3560
s7295,3561
s7296,3562
s7297,3563
s7299,1503
s7303,3564
s7304,2081
s7305,3565
s7306,3566
s7307,2405
s7309,9
s7310,3567
s7312,3568
s7314,3569
s7315,3570
s7316,3571
s7317,110
s7321,3572
s7323,3573
s7324,2696
s7327,3574
s7328,3575
s7329,3576
s7329,3577
s7330,3578
s7330,3579
s7331,3580
s7333,2856
s7334,3581
s7335,3582
s7335,3583
s7336,3584
s7337,3585
s7338,1971
s7345,3586
s7346,61
s7347,3587
s7348,3535
s7351,3588
s7352,3589
s7353,3590
s7355,3591
s7357,3592
s7358,2081
s7359,3593
s7361,3594
s7361,3595
s7362,3596
s7363,3597
s7364,3598
s7365,2729
s7366,3599
s7367,3600
s7368,3601
s7370,3602
s7370,1048
s7371,3603
s7372,3604
s7373,1145
s7374,3605
s7375,3606
s7376,2540
s7378,3607
s7379,2887
s7380,3608
s7381,3609
s7385,3610
s7387,94
s7388,1186
s7389,3611
s7390,3612
s7391,3613
s7392,3614
s7394,836
s7395,3615
s7396,161
s7397,3616
s7398,3617
s7399,3618
s7400,3460
s7401,3619
s7402,1210
s7403,3620
s7404,45
s7408,3621
s7410,3622
s7411,3201
s7412,3623
s7413,3624
s7416,3464
s7416,3625
s7417,1254
s7418,247
s7420,3626
s7421,3627
s7422,3628
s7423,3629
s7423,3630
s7424,3631
s7425,3632
s7426,3633
s7426,3634
s7427,3635
s7427,3636
s7429,3444
s7430,3637
s7431,3638
s7432,653
s7433,3639
s7434,3640
s7438,3641
s7440,3642
s7441,3643
s7443,3644
s7444,3644
s7445,3645
s7446,2163
s7449,1116
s7451,3646
s7452,3647
s7453,3162
s7455,839
s7457,3648
s7459,3649
s7461,3650
s7462,1783
s7463,1861
s7465,3651
s7466,3652
s7467,3653
s7470,3654
s7471,3655
s7473,3656
s7474,3657
s7475,3658
s7475,3659
s7476,3660
s7477,3661
s7478,3662
s7479,853
s7480,919
s7482,2249
s7483,3663
s7485,3664
s7487,2103
s7488,3665
s7489,3666
s7490,3667
s7491,2991
s7492,1086
s7492,601
s7493,2991
s7493,3668
s7494,3669
s7495,3670
s7495,3671
s7496,2991
s7497,3672
s7497,3667
s7498,2991
s7500,3673
s7500,3625
s7501,3669
s7501,601
s7501,3673
s7502,3669
s7502,3667
s7504,7
s7507,2385
s7508,3674
s7509,3675
s7510,3676
s7511,3677
s7513,3678
s7514,3679
s7516,69
s7516,3680
s7516,3162
s7516,2458
s7516,110
s7516,3681
s7516,3682
s7516,3683
s7516,3684
s7516,3664
s7516,2167
s7516,3685
s7517,1174
s7518,110
s7519,3686
s7520,3687
s7521,3688
s7523,1233
s7524,839
s7525,94
s7526,3689
s7526,3690
s7527,3691
s7528,2216
s7531,3692
s7531,3693
s7532,3694
s7533,2230
s7534,3695
s7535,2929
s7536,3696
s7537,3697
s7540,3698
s7542,2197
s7542,3699
s7543,3699
s7543,2197
s7545,3700
s7545,3099
s7546,3701
s7547,3702
s7549,3703
s7550,3704
s7553,3705
s7554,3218
s7556,3706
s7558,1397
s7559,3707
s7560,16
s7561,3708
s7564,3230
s7565,3709
s7566,1006
s7567,3710
s7567,3711
s7568,3712
s7578,608
s7579,3713
s7580,1321
s7582,2907
s7583,3714
s7584,3715
s7585,3716
s7586,1998
s7588,752
s7591,973
s7592,2891
s7593,3717
s7595,3718
s7596,3719
s7597,3720
s7597,3719
s7601,3721
s7602,3722
s7603,3723
s7604,3724
s7605,3725
s7606,3726
s7608,3727
s7609,3728
s7612,3729
s7613,3729
s7614,3730
s7615,3731
s7616,3732
s7619,3733
s7620,3734
s7621,3735
s7622,3736
s7623,3737
s7631,3738
s7632,3738
s7634,3739
s7635,1710
s7636,3740
s7636,3741
s7637,3742
s7638,3692
s7639,1715
s7640,1715
s7642,3743
s7643,3744
s7644,3745
s7645,3745
s7649,573
s7651,3193
s7652,3746
s7653,3747
s7654,3748
s7655,2045
s7656,3749
s7657,3749
s7659,3750
s7660,65
s7661,3751
s7662,3752
s7664,3753
s7666,3754
s7668,3755
s7669,3756
s7669,3757
s7670,2760
s7670,3758
s7671,3759
s7673,1810
s7677,1810
s7678,3760
s7679,3761
s7681,3762
s7682,3763
s7683,3764
s7684,3765
s7684,3766
s7685,3401
s7687,3767
s7687,3768
s7688,3769
s7689,2561
s7691,46
s7692,3770
s7695,3771
s7696,2405
s7697,3772
s7698,3773
s7701,1108
s7702,263
s7703,3774
s7704,3775
s7705,3776
s7707,3509
s7708,3777
s7712,3778
s7713,2142
s7715,39
s7716,451
s7717,3162
s7718,3779
s7720,3780
s7721,3751
s7723,3781
s7723,3782
s7724,3783
s7725,3784
s7727,3785
s7728,3786
s7729,3787
s7731,1198
s7732,3788
s7733,3237
s7735,3789
s7735,3790
s7736,2705
s7737,1527
s7737,2027
s7738,3751
s7738,3791
s7738,3792
s7738,3793
s7738,3794
s7739,853
s7740,3795
s7742,942
s7743,3025
s7745,1006
s7746,2500
s7746,3796
s7747,3797
s7749,943
s7750,922
s7751,1073
s7752,573
s7753,3081
s7753,12
s7755,3798
s7756,3343
s7758,3799
s7759,3800
s7779,3801
s7779,3802
s7789,3803
s7790,3804
s7792,1004
s7793,3805
s7793,3806
s7793,3807
s7794,3134
s7795,3099
s7797,3808
s7798,942
s7800,1173
s7802,890
s7803,181
s7804,3809
s7805,3810
s7806,1157
s7810,3128
s7812,2696
s7815,3811
s7817,2339
s7818,2705
s7820,3812
s7821,653
s7822,3813
s7824,3814
s7825,3013
s7826,3815
s7827,3816
s7827,3817
s7828,3051
s7830,3818
s7831,3819
s7832,3820
s7833,3821
s7834,3822
s7837,3823
s7838,973
s7840,3824
s7842,3825
s7844,3826
s7845,3827
s7846,3828
s7847,3829
s7850,3193
s7852,3830
s7853,3831
s7854,3123
s7855,3832
s7856,3784
s7858,249
s7859,3833
s7860,3834
s7860,3835
s7861,3201
s7862,3836
s7864,2078
s7864,3837
s7865,3838
s7865,3839
s7866,2914
s7867,3840
s7869,3841
s7870,1010
s7872,3842
s7872,3843
s7874,1309
s7875,3844
s7876,1191
s7877,3845
s7878,3846
s7880,264
s7881,3847
s7882,3847
s7883,3847
s7884,264
s7885,1520
s7886,1232
s7889,1628
s7890,3848
s7891,3849
s7892,3850
s7892,3838
s7895,3851
s7896,3852
s7897,3853
s7899,3854
s7900,3548
s7901,3537
s7902,344
s7903,3855
s7904,174
s7905,3856
s7906,3066
s7908,2103
s7910,2706
s7911,3857
s7913,1948
s7914,3858
s7916,3859
s7917,3860
s7918,3861
s7919,3862
s7920,3863
s7920,2854
s7921,197
s7922,2729
s7923,3270
s7924,3864
s7925,3865
s7926,3866
s7927,3867
s7928,1339
s7929,3868
s7929,3869
s7932,3870
s7933,3051
s7934,3871
s7935,3607
s7936,3172
s7937,2188
s7938,2188
s7939,3025
s7940,3872
s7941,3873
s7942,3874
s7944,1817
s7945,3875
s7946,3876
s7947,1048
s7948,3305
s7950,1925
s7951,3877
s7952,259
s7953,3878
s7955,3879
s7956,3880
s7957,81
s7958,9
s7959,43
s7960,3881
s7960,3882
s7960,3883
s7961,3884
s7962,3885
s7963,3885
s7964,3513
s7965,3886
s7966,3887
s7967,356
s7968,3888
s7970,3889
s7971,3890
s7972,3891
s7973,3892
s7974,3890
s7975,3893
s7976,3891
s7977,3892
s7978,3893
s7979,3893
s7979,3894
s7980,3895
s7981,442
s7982,2924
s7984,3896
s7986,300
s7987,3897
s7988,3897
s7989,518
s7990,2593
s7991,3898
s7993,3629
s7995,3899
s7996,95
s7997,3900
s7998,1890
s7999,3279
s8000,3901
s8002,272
s8002,273
s8004,3574
s8005,179
s8006,3902
s8007,3903
s8007,3904
s8008,3904
s8009,3905
s8009,3906
s8010,3907
s8011,375
s8012,3908
s8013,3909
s8014,3751
s8014,3793
s8015,3910
s8015,3911
s8017,3912
s8018,3393
s8019,3913
s8024,3914
s8025,2104
s8026,3915
s8027,3916
s8028,3917
s8029,3918
s8030,3919
s8033,40
s8034,527
s8036,3920
s8036,3921
s8037,3922
s8038,3923
s8039,3924
s8040,39
s8042,3925
s8043,2805
s8044,2050
s8046,3926
s8047,3927
s8048,971
s8050,534
s8051,2071
s8052,479
s8053,479
s8054,1748
s8055,3928
s8056,3929
s8057,3930
s8060,410
s8061,3931
s8061,3932
s8064,3933
s8066,3934
s8068,3935
s8069,3936
s8069,3937
s8069,3938
s8070,3939
s8070,3940
s8072,3941
s8073,3942
s8074,3943
s8075,375
s8076,375
s8077,375
s8078,1928
s8079,675
s8080,3944
s8081,3945
s8083,3071
s8085,2118
s8087,3946
s8087,3947
s8088,260
s8089,1233
s8090,3948
s8091,3949
s8091,3950
s8092,3951
s8092,3952
s8092,3953
s8092,3745
s8093,3954
s8096,172
s8099,3955
s8100,3956
s8101,3957
s8102,3128
s8104,3958
s8106,250
s8107,3959
s8109,3960
s8111,258
s8112,3961
s8113,3962
s8114,3963
s8115,3964
s8116,3965
s8117,3966
s8119,3967
s8120,3968
s8121,3969
s8123,3970
s8124,3971
s8125,929
s8127,3972
s8128,3973
s8129,3974
s8131,3975
s8132,504
s8134,3976
s8135,3977
s8135,3978
s8137,3815
s8139,62
s8140,3979
s8141,3980
s8141,3981
s8142,3982
s8143,3285
s8145,3509
s8146,2614
s8147,1382
s8150,3983
s8151,3984
s8152,204
s8152,3985
s8153,3986
s8154,1232
s8155,3987
s8157,1903
s8158,3988
s8159,210
s8160,3989
s8162,2355
s8164,3990
s8165,3991
s8165,3992
s8165,3993
s8165,3994
s8165,3995
s8167,3430
s8168,238
s8169,3996
s8169,3997
s8170,3998
s8171,3999
s8172,124
s8173,4000
s8178,4001
s8178,4002
s8180,4003
s8182,4004
s8184,375
s8185,9
s8186,4005
s8187,4006
s8188,344
s8189,4007
s8191,4008
s8191,4009
s8193,1232
s8195,1849
s8196,4010
s8197,4011
s8198,266
s8199,4012
s8201,4013
s8202,4014
s8204,2081
s8205,4015
s8205,4016
s8206,4017
s8211,4018
s8212,4019
s8213,2695
s8214,4020
s8215,943
s8218,4021
s8218,4022
s8219,4023
s8220,345
s8221,4024
s8222,4025
s8223,4026
s8224,4027
s8225,4028
s8226,4029
s8227,541
s8228,853
s8229,2032
s8230,344
s8233,4030
s8234,4031
s8234,4032
s8235,4033
s8237,3123
s8238,4034
s8239,4035
s8240,4036
s8241,4037
s8242,853
s8243,4038
s8245,4039
s8246,4040
s8247,393
s8248,4041
s8249,4042
s8250,3273
s8252,437
s8253,1689
s8254,4043
s8255,4044
s8256,1339
s8257,4045
s8259,4046
s8259,4047
s8260,3525
s8261,4048
s8262,4027
s8264,4049
s8264,4050
s8265,4051
s8266,3313
s8267,4052
s8267,57
s8268,4053
s8270,660
s8271,4054
s8271,4055
s8273,653
s8274,4056
s8274,4057
s8275,4058
s8277,4025
s8280,2649
s8281,3248
s8282,4059
s8284,4060
s8285,3853
s8286,4061
s8287,4062
s8289,4063
s8290,480
s8290,481
s8291,3935
s8292,4064
s8293,873
s8294,4065
s8296,4066
s8297,294
s8298,853
s8299,3279
s8300,4067
s8300,4068
s8301,4069
s8302,4070
s8303,3419
s8304,3285
s8305,146
s8306,146
s8307,4071
s8308,258
s8310,47
s8311,4072
s8313,1925
s8314,2848
s8315,4073
s8318,2947
s8320,4074
s8321,263
s8323,4075
s8323,4076
s8324,4077
s8325,4078
s8326,1675
s8327,3624
s8328,3624
s8333,2465
s8334,3852
s8336,4079
s8338,4080
s8339,4081
s8340,4082
s8342,571
s8343,4083
s8344,2002
s8345,4084
s8345,4085
s8345,4086
s8345,4087
s8345,4088
s8345,4089
s8345,4090
s8345,4091
s8346,1874
s8347,3407
s8352,4092
s8353,36
s8355,3226
s8356,1793
s8357,2032
s8359,4093
s8360,4094
s8360,4095
s8360,4096
s8361,3453
s8362,4052
s8363,1715
s8364,4097
s8364,4098
s8365,4097
s8365,4099
s8366,2632
s8366,4100
s8368,2816
s8370,4101
s8373,4102
s8375,3248
s8376,4103
s8378,1067
s8381,4104
s8382,4105
s8383,4106
s8384,4107
s8385,2821
s8386,712
s8387,4069
s8388,4108
s8390,4109
s8392,2940
s8394,1503
s8395,4110
s8395,4111
s8396,243
s8397,270
s8399,1381
s8400,4112
s8402,4113
s8403,4114
s8405,426
s8406,426
s8407,4115
s8409,4116
s8410,4117
s8411,4118
s8413,4119
s8413,4120
s8414,47
s8415,3139
s8415,3140
s8416,3139
s8416,3140
s8417,3139
s8417,3140
s8418,3188
s8418,4121
s8418,4122
s8419,4123
s8421,4124
s8426,4125
s8427,268
s8428,4126
s8431,3691
s8433,4127
s8435,63
s8436,214
s8439,4128
s8442,36
s8442,4129
s8444,2607
s8445,1932
s8446,260
s8447,4130
s8448,4131
s8449,4132
s8450,4133
s8452,4134
s8453,4135
s8454,3241
s8455,975
s8456,4136
s8457,4137
s8458,4138
s8458,4139
s8459,3047
s8460,4140
s8461,1279
s8462,148
s8464,4141
s8465,4142
s8466,4143
s8467,4144
s8467,4145
s8468,4146
s8469,4147
s8470,254
s8471,4148
s8471,4149
s8473,3248
s8474,4150
s8478,4151
s8479,4152
s8481,4153
s8484,4154
s8485,4155
s8486,4156
s8487,728
s8488,4157
s8489,4158
s8490,4159
s8492,746
s8493,4160
s8494,1693
s8495,4161
s8496,4162
s8497,4163
s8498,1058
s8499,4052
s8500,3648
s8502,1133
s8505,1638
s8506,4164
s8507,3879
s8508,4165
s8508,4166
s8509,4093
s8510,4167
s8512,263
s8513,297
s8514,4063
s8515,4168
s8516,146
s8518,4169
s8521,4170
s8523,4171
s8526,169
s8527,41
s8528,4172
s8529,4173
s8529,4174
s8530,4175
s8531,4176
s8532,2926
s8533,4177
s8535,4178
s8535,598
s8536,4179
s8537,361
s8538,4180
s8538,4181
s8539,4182
s8541,4183
s8543,7
s8544,3745
s8547,4184
s8547,4185
s8548,2456
s8549,4186
s8551,4187
s8551,4037
s8553,4188
s8554,4189
s8555,2748
s8556,3095
s8557,1065
s8559,4190
s8560,4191
s8563,4192
s8564,4193
s8565,4194
s8566,4195
s8567,4196
s8569,4197
s8570,3584
s8571,4198
s8572,4199
s8573,4200
s8577,4201
s8579,4202
s8580,4203
s8581,958
s8582,922
s8583,4204
s8584,4205
s8585,2081
s8587,4206
s8588,4207
s8588,4208
s8590,4209
s8591,392
s8592,3611
s8595,4210
s8596,4211
s8599,4212
s8600,4213
s8604,4214
s8607,4215
s8608,1556
s8609,2480
s8611,325
s8612,2136
s8613,4216
s8614,2338
s8615,1545
s8616,4217
s8617,4218
s8618,3021
s8619,4219
s8622,4220
s8624,4221
s8625,4222
s8626,339
s8627,339
s8628,4223
s8629,836
s8630,1385
s8631,4224
s8632,4225
s8635,4226
s8636,4227
s8637,4228
s8638,237
s8639,2492
s8640,2876
s8641,3523
s8641,3561
s8641,4229
s8641,4230
s8641,4231
s8642,4232
s8643,433
s8644,4233
s8646,4234
s8649,4235
s8650,899
s8652,688
s8653,831
s8655,4236
s8656,4237
s8658,4238
s8659,4239
s8660,2615
s8662,4062
s8663,4240
s8664,4241
s8665,4242
s8666,4243
s8667,3865
s8668,4244
s8669,352
s8671,3131
s8672,179
s8673,4245
s8675,4246
s8676,4247
s8677,4248
s8678,4249
s8679,4250
s8681,4251
s8682,4252
s8683,400
s8684,4253
s8686,4254
s8687,4255
s8688,4256
s8689,2732
s8690,4257
s8692,4102
s8693,4258
s8693,4259
s8694,4260
s8694,4261
s8695,4262
s8696,4263
s8697,9
s8698,4264
s8699,4156
s8700,4265
s8704,4266
s8705,3066
s8706,4267
s8707,4268
s8709,4104
s8710,4269
s8712,4270
s8714,4271
s8715,4272
s8715,4273
s8715,4274
s8716,4275
s8717,4276
s8718,4116
s8720,4277
s8723,148
s8725,4278
s8726,3314
s8726,3248
s8730,4279
s8731,2274
s8732,1617
s8733,4280
s8734,3433
s8735,4281
s8736,653
s8738,4282
s8738,4283
s8743,3644
s8744,4284
s8746,4285
s8749,4130
s8751,4286
s8752,4287
s8753,4288
s8754,4289
s8755,4290
s8758,573
s8761,4291
s8762,4292
s8763,1553
s8765,4293
s8766,4294
s8766,4295
s8766,4296
s8766,2816
s8767,3226
s8768,2907
s8769,2071
s8770,4297
s8771,3509
s8772,2139
s8773,92
s8774,3462
s8775,4298
s8777,4299
s8778,4300
s8779,4300
s8780,4301
s8782,4302
s8783,433
s8787,4303
s8788,3653
s8789,4304
s8790,737
s8791,5
s8792,4242
s8793,4305
s8794,26
s8795,4306
s8799,4307
s8800,3678
s8802,4308
s8803,263
s8805,2841
s8806,4309
s8807,4310
